EmployeeID,FirstName,LastName,Gender,DepartmentID,JobLevelID,HireDate,TerminationDate
E0001,Name0,Surname0,F,D004,JL4,2024-03-01,2025-04-14
E0002,Name1,Surname1,F,D006,JL2,2020-12-06,
E0003,Name2,Surname2,F,D002,JL1,2023-03-06,2023-08-02
E0004,Name3,Surname3,F,D001,JL4,2019-04-29,
E0005,Name4,Surname4,M,D001,JL2,2024-05-23,
E0006,Name5,Surname5,M,D004,JL2,2025-08-06,
E0007,Name6,Surname6,F,D006,JL3,2025-08-06,2025-08-30
E0008,Name7,Surname7,M,D008,JL2,2022-11-24,
E0009,Name8,Surname8,M,D009,JL3,2022-12-17,
E0010,Name9,Surname9,M,D009,JL2,2024-12-28,
E0011,Name10,Surname10,M,D002,JL2,2023-12-30,
E0012,Name11,Surname11,F,D004,JL3,2019-09-09,
E0013,Name12,Surname12,M,D002,JL3,2021-07-23,2023-11-28
E0014,Name13,Surname13,M,D001,JL6,2022-01-23,
E0015,Name14,Surname14,M,D006,JL6,2020-04-29,2024-11-28
E0016,Name15,Surname15,F,D007,JL1,2025-02-01,
E0017,Name16,Surname16,M,D004,JL1,2025-08-22,2025-10-25
E0018,Name17,Surname17,M,D007,JL2,2021-04-10,
E0019,Name18,Surname18,M,D008,JL1,2023-01-17,
E0020,Name19,Surname19,M,D001,JL4,2023-06-06,2024-08-01
E0021,Name20,Surname20,F,D001,JL4,2024-10-20,
E0022,Name21,Surname21,F,D009,JL5,2019-04-10,2025-06-20
E0023,Name22,Surname22,M,D002,JL5,2022-07-22,
E0024,Name23,Surname23,F,D006,JL5,2024-04-18,2025-06-08
E0025,Name24,Surname24,F,D006,JL2,2024-02-04,
E0026,Name25,Surname25,F,D007,JL2,2021-05-20,
E0027,Name26,Surname26,F,D009,JL1,2020-04-25,
E0028,Name27,Surname27,M,D001,JL1,2020-07-16,
E0029,Name28,Surname28,F,D006,JL3,2024-05-27,2025-09-27
E0030,Name29,Surname29,F,D006,JL4,2025-01-09,
E0031,Name30,Surname30,F,D002,JL4,2019-07-14,
E0032,Name31,Surname31,M,D006,JL1,2025-10-17,2025-11-08
E0033,Name32,Surname32,M,D002,JL1,2025-05-18,
E0034,Name33,Surname33,M,D009,JL1,2023-03-06,
E0035,Name34,Surname34,F,D006,JL4,2019-06-23,
E0036,Name35,Surname35,F,D002,JL1,2021-02-24,
E0037,Name36,Surname36,M,D003,JL1,2023-11-21,
E0038,Name37,Surname37,F,D002,JL6,2019-08-11,2024-07-25
E0039,Name38,Surname38,F,D007,JL6,2022-06-10,
E0040,Name39,Surname39,F,D010,JL2,2020-01-16,2023-08-04
E0041,Name40,Surname40,F,D003,JL5,2023-04-06,
E0042,Name41,Surname41,F,D005,JL5,2024-01-09,
E0043,Name42,Surname42,F,D003,JL2,2022-04-09,2024-06-25
E0044,Name43,Surname43,M,D004,JL6,2024-08-04,2025-06-06
E0045,Name44,Surname44,F,D003,JL3,2022-03-23,
E0046,Name45,Surname45,F,D007,JL1,2019-05-28,
E0047,Name46,Surname46,F,D007,JL6,2025-12-26,2025-12-31
E0048,Name47,Surname47,M,D001,JL5,2024-05-05,2024-12-05
E0049,Name48,Surname48,M,D005,JL1,2024-08-14,
E0050,Name49,Surname49,F,D001,JL1,2020-10-10,
E0051,Name50,Surname50,M,D003,JL3,2023-04-17,
E0052,Name51,Surname51,M,D006,JL4,2021-07-28,2023-04-12
E0053,Name52,Surname52,F,D007,JL5,2020-12-30,
E0054,Name53,Surname53,F,D003,JL1,2024-06-25,
E0055,Name54,Surname54,F,D010,JL1,2025-11-25,
E0056,Name55,Surname55,F,D002,JL5,2023-11-20,
E0057,Name56,Surname56,M,D008,JL6,2024-07-24,
E0058,Name57,Surname57,F,D004,JL5,2025-11-07,
E0059,Name58,Surname58,M,D010,JL3,2020-05-16,
E0060,Name59,Surname59,F,D006,JL6,2019-07-07,
E0061,Name60,Surname60,F,D007,JL4,2024-04-16,2025-03-28
E0062,Name61,Surname61,M,D001,JL5,2025-09-01,
E0063,Name62,Surname62,F,D002,JL6,2023-06-15,
E0064,Name63,Surname63,F,D009,JL5,2025-10-21,
E0065,Name64,Surname64,F,D003,JL1,2020-03-19,2025-11-27
E0066,Name65,Surname65,F,D009,JL1,2024-03-18,
E0067,Name66,Surname66,M,D001,JL5,2022-02-11,
E0068,Name67,Surname67,M,D009,JL6,2019-08-26,
E0069,Name68,Surname68,M,D005,JL1,2025-02-04,
E0070,Name69,Surname69,M,D005,JL3,2025-03-23,
E0071,Name70,Surname70,F,D001,JL5,2020-08-11,2023-01-28
E0072,Name71,Surname71,M,D006,JL1,2023-03-22,
E0073,Name72,Surname72,F,D008,JL1,2024-09-24,2025-06-05
E0074,Name73,Surname73,F,D004,JL6,2020-11-07,
E0075,Name74,Surname74,F,D008,JL5,2021-03-28,2022-01-30
E0076,Name75,Surname75,F,D005,JL5,2020-03-26,
E0077,Name76,Surname76,F,D001,JL1,2025-01-31,2025-12-29
E0078,Name77,Surname77,M,D010,JL2,2024-09-12,
E0079,Name78,Surname78,M,D003,JL1,2020-10-29,2021-06-09
E0080,Name79,Surname79,F,D002,JL2,2022-07-18,2023-08-20
E0081,Name80,Surname80,M,D001,JL6,2022-11-05,2023-05-04
E0082,Name81,Surname81,M,D006,JL3,2023-03-25,
E0083,Name82,Surname82,M,D010,JL6,2021-11-26,
E0084,Name83,Surname83,M,D003,JL2,2019-07-05,
E0085,Name84,Surname84,M,D004,JL6,2025-05-07,2025-06-03
E0086,Name85,Surname85,F,D010,JL4,2025-05-17,2025-09-07
E0087,Name86,Surname86,M,D002,JL1,2019-09-18,2020-11-28
E0088,Name87,Surname87,M,D009,JL1,2021-11-08,2022-04-03
E0089,Name88,Surname88,F,D002,JL6,2020-04-16,2025-09-20
E0090,Name89,Surname89,F,D010,JL2,2021-08-21,
E0091,Name90,Surname90,M,D006,JL5,2019-07-23,
E0092,Name91,Surname91,F,D008,JL4,2019-10-26,2022-02-09
E0093,Name92,Surname92,M,D005,JL2,2022-10-20,
E0094,Name93,Surname93,F,D003,JL1,2019-06-28,2023-01-19
E0095,Name94,Surname94,M,D004,JL4,2019-10-08,
E0096,Name95,Surname95,F,D006,JL2,2020-07-16,
E0097,Name96,Surname96,M,D009,JL3,2021-08-18,
E0098,Name97,Surname97,M,D001,JL3,2022-03-10,2023-02-25
E0099,Name98,Surname98,M,D006,JL5,2021-03-15,2021-07-21
E0100,Name99,Surname99,F,D009,JL1,2025-12-12,2025-12-17
E0101,Name100,Surname100,F,D004,JL4,2025-09-09,2025-11-09
E0102,Name101,Surname101,F,D002,JL1,2022-06-06,
E0103,Name102,Surname102,M,D010,JL6,2020-06-26,
E0104,Name103,Surname103,M,D007,JL6,2024-07-07,
E0105,Name104,Surname104,F,D001,JL2,2019-07-27,
E0106,Name105,Surname105,F,D001,JL1,2019-01-24,
E0107,Name106,Surname106,M,D003,JL2,2023-01-19,
E0108,Name107,Surname107,M,D002,JL1,2022-05-15,
E0109,Name108,Surname108,M,D007,JL3,2024-12-03,
E0110,Name109,Surname109,F,D006,JL2,2025-11-17,
E0111,Name110,Surname110,M,D001,JL4,2025-04-19,
E0112,Name111,Surname111,M,D001,JL1,2025-01-14,
E0113,Name112,Surname112,F,D001,JL1,2022-02-18,2022-04-16
E0114,Name113,Surname113,F,D009,JL1,2021-08-03,
E0115,Name114,Surname114,F,D009,JL3,2019-03-22,
E0116,Name115,Surname115,M,D006,JL5,2022-10-14,
E0117,Name116,Surname116,M,D009,JL3,2021-06-08,
E0118,Name117,Surname117,F,D003,JL4,2019-08-02,2020-12-14
E0119,Name118,Surname118,M,D010,JL5,2023-06-11,2024-03-03
E0120,Name119,Surname119,M,D001,JL5,2019-09-30,
E0121,Name120,Surname120,F,D004,JL2,2025-04-01,
E0122,Name121,Surname121,F,D005,JL3,2020-09-21,2023-09-06
E0123,Name122,Surname122,F,D002,JL4,2025-05-21,
E0124,Name123,Surname123,F,D004,JL4,2020-08-03,
E0125,Name124,Surname124,M,D006,JL2,2019-09-26,
E0126,Name125,Surname125,M,D003,JL3,2025-01-13,
E0127,Name126,Surname126,F,D002,JL2,2025-05-19,
E0128,Name127,Surname127,F,D004,JL5,2025-08-13,
E0129,Name128,Surname128,M,D004,JL2,2025-07-09,
E0130,Name129,Surname129,M,D008,JL3,2020-06-13,
E0131,Name130,Surname130,F,D002,JL5,2025-04-02,
E0132,Name131,Surname131,M,D006,JL6,2025-06-08,2025-09-22
E0133,Name132,Surname132,F,D007,JL1,2025-05-13,
E0134,Name133,Surname133,F,D008,JL2,2019-07-04,
E0135,Name134,Surname134,F,D001,JL4,2024-06-04,
E0136,Name135,Surname135,F,D004,JL4,2023-12-23,
E0137,Name136,Surname136,M,D004,JL2,2020-06-03,2025-11-02
E0138,Name137,Surname137,F,D005,JL2,2025-10-13,2025-12-15
E0139,Name138,Surname138,M,D005,JL3,2022-09-03,
E0140,Name139,Surname139,F,D001,JL6,2022-08-27,2024-08-06
E0141,Name140,Surname140,M,D006,JL1,2019-07-06,
E0142,Name141,Surname141,F,D008,JL6,2025-09-01,2025-10-31
E0143,Name142,Surname142,M,D006,JL3,2024-03-22,
E0144,Name143,Surname143,F,D003,JL3,2021-11-05,2024-03-13
E0145,Name144,Surname144,M,D003,JL1,2022-07-15,
E0146,Name145,Surname145,M,D009,JL5,2024-09-24,
E0147,Name146,Surname146,F,D006,JL2,2025-04-27,
E0148,Name147,Surname147,M,D001,JL5,2025-10-20,2025-11-11
E0149,Name148,Surname148,F,D003,JL5,2021-03-07,
E0150,Name149,Surname149,F,D007,JL2,2025-05-18,2025-08-26
E0151,Name150,Surname150,F,D002,JL3,2025-02-03,
E0152,Name151,Surname151,M,D005,JL6,2021-10-14,
E0153,Name152,Surname152,F,D006,JL5,2020-08-07,2021-04-05
E0154,Name153,Surname153,F,D006,JL3,2024-07-03,
E0155,Name154,Surname154,M,D005,JL5,2025-07-30,
E0156,Name155,Surname155,F,D009,JL4,2024-10-28,
E0157,Name156,Surname156,M,D007,JL2,2019-11-24,
E0158,Name157,Surname157,F,D001,JL1,2021-08-24,
E0159,Name158,Surname158,F,D007,JL1,2022-08-30,
E0160,Name159,Surname159,F,D002,JL6,2024-02-24,
E0161,Name160,Surname160,M,D007,JL4,2025-03-08,
E0162,Name161,Surname161,F,D001,JL5,2025-09-23,
E0163,Name162,Surname162,M,D003,JL6,2023-03-17,
E0164,Name163,Surname163,M,D009,JL3,2022-12-04,
E0165,Name164,Surname164,M,D009,JL3,2025-04-03,2025-09-29
E0166,Name165,Surname165,F,D006,JL2,2021-04-24,
E0167,Name166,Surname166,M,D001,JL3,2025-09-15,
E0168,Name167,Surname167,M,D006,JL4,2019-05-22,
E0169,Name168,Surname168,F,D001,JL2,2019-02-28,
E0170,Name169,Surname169,M,D007,JL4,2024-01-15,
E0171,Name170,Surname170,F,D009,JL3,2019-07-12,
E0172,Name171,Surname171,M,D008,JL5,2022-02-14,2022-06-23
E0173,Name172,Surname172,M,D005,JL6,2019-01-15,2021-02-07
E0174,Name173,Surname173,F,D009,JL1,2025-07-19,2025-09-19
E0175,Name174,Surname174,M,D010,JL5,2019-09-06,
E0176,Name175,Surname175,F,D006,JL5,2020-08-19,
E0177,Name176,Surname176,F,D005,JL4,2019-02-07,
E0178,Name177,Surname177,F,D008,JL6,2022-11-02,
E0179,Name178,Surname178,F,D002,JL4,2022-11-01,2022-11-25
E0180,Name179,Surname179,F,D007,JL5,2020-07-04,
E0181,Name180,Surname180,F,D006,JL1,2023-03-21,
E0182,Name181,Surname181,F,D004,JL2,2022-10-27,
E0183,Name182,Surname182,M,D005,JL5,2019-01-26,
E0184,Name183,Surname183,F,D008,JL4,2022-01-04,2022-05-19
E0185,Name184,Surname184,M,D002,JL4,2023-03-20,
E0186,Name185,Surname185,F,D009,JL5,2024-07-15,
E0187,Name186,Surname186,M,D003,JL5,2024-03-26,
E0188,Name187,Surname187,M,D004,JL5,2019-03-06,
E0189,Name188,Surname188,F,D002,JL5,2025-10-20,
E0190,Name189,Surname189,M,D007,JL4,2022-07-26,
E0191,Name190,Surname190,M,D005,JL1,2025-11-28,
E0192,Name191,Surname191,M,D009,JL6,2022-04-29,
E0193,Name192,Surname192,F,D009,JL4,2019-11-09,
E0194,Name193,Surname193,M,D010,JL3,2025-05-30,
E0195,Name194,Surname194,F,D008,JL5,2021-08-13,
E0196,Name195,Surname195,M,D007,JL6,2022-10-04,
E0197,Name196,Surname196,M,D003,JL4,2019-07-11,
E0198,Name197,Surname197,F,D001,JL3,2019-02-10,2024-02-25
E0199,Name198,Surname198,M,D006,JL4,2024-02-14,
E0200,Name199,Surname199,F,D004,JL6,2020-06-28,
E0201,Name200,Surname200,F,D002,JL2,2019-10-25,
E0202,Name201,Surname201,M,D006,JL2,2019-11-12,2024-09-13
E0203,Name202,Surname202,M,D010,JL5,2020-09-22,
E0204,Name203,Surname203,F,D003,JL3,2021-11-10,
E0205,Name204,Surname204,M,D007,JL6,2021-02-05,
E0206,Name205,Surname205,F,D005,JL2,2022-11-08,
E0207,Name206,Surname206,M,D007,JL1,2022-10-29,2023-08-08
E0208,Name207,Surname207,F,D004,JL5,2020-03-27,
E0209,Name208,Surname208,M,D010,JL5,2024-01-09,
E0210,Name209,Surname209,M,D003,JL2,2022-04-20,
E0211,Name210,Surname210,M,D008,JL5,2022-01-11,
E0212,Name211,Surname211,M,D010,JL1,2023-05-07,
E0213,Name212,Surname212,F,D008,JL3,2025-02-18,2025-11-02
E0214,Name213,Surname213,F,D006,JL4,2023-10-27,2025-08-20
E0215,Name214,Surname214,M,D001,JL1,2021-12-23,
E0216,Name215,Surname215,F,D003,JL5,2023-04-07,2023-07-13
E0217,Name216,Surname216,F,D007,JL1,2020-11-02,
E0218,Name217,Surname217,F,D009,JL6,2020-09-28,
E0219,Name218,Surname218,M,D008,JL6,2022-11-11,2025-07-27
E0220,Name219,Surname219,F,D010,JL6,2025-06-24,
E0221,Name220,Surname220,F,D001,JL3,2021-05-30,
E0222,Name221,Surname221,F,D007,JL4,2022-01-26,
E0223,Name222,Surname222,M,D004,JL1,2021-08-10,
E0224,Name223,Surname223,F,D004,JL4,2024-03-24,2024-06-25
E0225,Name224,Surname224,M,D001,JL1,2019-07-14,
E0226,Name225,Surname225,F,D007,JL4,2019-01-19,2020-12-06
E0227,Name226,Surname226,M,D005,JL2,2023-05-20,
E0228,Name227,Surname227,F,D009,JL1,2025-07-31,
E0229,Name228,Surname228,M,D009,JL3,2024-05-17,
E0230,Name229,Surname229,F,D002,JL1,2024-12-19,
E0231,Name230,Surname230,M,D002,JL5,2025-05-03,
E0232,Name231,Surname231,M,D003,JL2,2023-08-19,
E0233,Name232,Surname232,F,D008,JL4,2025-12-26,
E0234,Name233,Surname233,M,D006,JL2,2019-06-30,
E0235,Name234,Surname234,M,D008,JL2,2019-06-30,
E0236,Name235,Surname235,M,D005,JL2,2023-03-06,
E0237,Name236,Surname236,F,D007,JL6,2020-02-04,
E0238,Name237,Surname237,F,D010,JL4,2023-04-21,
E0239,Name238,Surname238,M,D006,JL2,2019-05-24,2019-08-24
E0240,Name239,Surname239,M,D009,JL2,2025-09-03,
E0241,Name240,Surname240,F,D008,JL4,2020-06-02,
E0242,Name241,Surname241,M,D005,JL5,2022-12-06,2023-05-31
E0243,Name242,Surname242,F,D004,JL1,2024-11-01,
E0244,Name243,Surname243,F,D007,JL2,2022-06-23,
E0245,Name244,Surname244,M,D003,JL3,2021-02-28,
E0246,Name245,Surname245,M,D002,JL5,2019-02-13,
E0247,Name246,Surname246,M,D002,JL4,2023-04-12,
E0248,Name247,Surname247,M,D008,JL6,2023-09-02,
E0249,Name248,Surname248,M,D001,JL2,2022-04-05,
E0250,Name249,Surname249,F,D002,JL3,2024-09-30,
E0251,Name250,Surname250,F,D001,JL6,2024-07-02,2024-10-23
E0252,Name251,Surname251,F,D002,JL2,2021-03-13,
E0253,Name252,Surname252,M,D009,JL1,2023-02-06,2025-12-07
E0254,Name253,Surname253,M,D001,JL4,2024-05-28,
E0255,Name254,Surname254,M,D005,JL2,2021-10-16,
E0256,Name255,Surname255,M,D001,JL5,2022-02-28,
E0257,Name256,Surname256,M,D002,JL2,2022-01-29,
E0258,Name257,Surname257,F,D007,JL5,2022-01-25,
E0259,Name258,Surname258,F,D003,JL6,2020-03-05,
E0260,Name259,Surname259,M,D007,JL2,2024-02-14,
E0261,Name260,Surname260,M,D010,JL1,2023-07-05,2024-12-04
E0262,Name261,Surname261,F,D004,JL2,2024-02-20,
E0263,Name262,Surname262,F,D004,JL1,2025-09-12,
E0264,Name263,Surname263,M,D004,JL4,2025-03-18,
E0265,Name264,Surname264,F,D001,JL3,2020-09-19,2023-07-15
E0266,Name265,Surname265,F,D001,JL2,2022-12-11,
E0267,Name266,Surname266,M,D001,JL2,2020-10-30,2023-04-20
E0268,Name267,Surname267,M,D003,JL5,2024-01-24,
E0269,Name268,Surname268,F,D010,JL3,2024-04-28,2025-10-24
E0270,Name269,Surname269,M,D007,JL1,2021-05-09,
E0271,Name270,Surname270,M,D006,JL4,2022-12-16,
E0272,Name271,Surname271,F,D004,JL4,2022-08-13,
E0273,Name272,Surname272,F,D003,JL3,2020-09-01,
E0274,Name273,Surname273,M,D003,JL6,2021-04-10,2021-05-26
E0275,Name274,Surname274,F,D007,JL4,2024-02-29,
E0276,Name275,Surname275,F,D010,JL6,2025-11-08,
E0277,Name276,Surname276,F,D007,JL6,2022-12-22,2024-05-08
E0278,Name277,Surname277,F,D002,JL3,2023-05-27,2024-09-07
E0279,Name278,Surname278,M,D006,JL6,2021-07-06,
E0280,Name279,Surname279,M,D007,JL4,2021-06-17,
E0281,Name280,Surname280,M,D003,JL6,2025-03-25,2025-11-04
E0282,Name281,Surname281,M,D008,JL2,2022-11-30,
E0283,Name282,Surname282,F,D005,JL1,2020-03-20,2023-03-17
E0284,Name283,Surname283,M,D009,JL5,2022-11-18,2023-08-25
E0285,Name284,Surname284,F,D009,JL4,2024-04-17,
E0286,Name285,Surname285,M,D009,JL1,2025-12-27,
E0287,Name286,Surname286,F,D007,JL2,2019-10-06,2025-01-14
E0288,Name287,Surname287,M,D007,JL3,2021-04-23,
E0289,Name288,Surname288,F,D006,JL5,2020-04-15,
E0290,Name289,Surname289,M,D006,JL4,2022-07-23,
E0291,Name290,Surname290,M,D005,JL3,2019-07-14,
E0292,Name291,Surname291,M,D003,JL4,2025-12-01,
E0293,Name292,Surname292,M,D007,JL6,2023-09-03,2025-04-10
E0294,Name293,Surname293,F,D007,JL4,2019-10-11,2020-01-30
E0295,Name294,Surname294,M,D003,JL5,2024-07-14,2025-07-14
E0296,Name295,Surname295,M,D009,JL1,2025-09-12,
E0297,Name296,Surname296,F,D007,JL1,2025-06-09,
E0298,Name297,Surname297,M,D008,JL5,2023-08-03,
E0299,Name298,Surname298,F,D003,JL4,2024-02-12,
E0300,Name299,Surname299,F,D004,JL2,2024-10-16,
E0301,Name300,Surname300,F,D007,JL3,2023-08-06,
E0302,Name301,Surname301,F,D002,JL4,2025-08-09,2025-12-25
E0303,Name302,Surname302,M,D003,JL6,2021-05-03,
E0304,Name303,Surname303,F,D005,JL4,2023-12-30,
E0305,Name304,Surname304,M,D010,JL1,2019-10-01,
E0306,Name305,Surname305,M,D002,JL6,2024-08-18,
E0307,Name306,Surname306,F,D004,JL1,2021-10-28,
E0308,Name307,Surname307,F,D009,JL2,2024-09-28,
E0309,Name308,Surname308,M,D006,JL4,2022-06-25,2024-12-07
E0310,Name309,Surname309,M,D009,JL4,2020-10-11,
E0311,Name310,Surname310,M,D004,JL3,2021-02-26,
E0312,Name311,Surname311,M,D010,JL6,2023-02-16,
E0313,Name312,Surname312,F,D001,JL2,2022-05-19,
E0314,Name313,Surname313,F,D008,JL3,2021-12-11,2024-07-20
E0315,Name314,Surname314,F,D009,JL1,2021-09-23,
E0316,Name315,Surname315,F,D008,JL4,2025-06-03,2025-08-15
E0317,Name316,Surname316,M,D008,JL4,2023-04-03,2023-10-01
E0318,Name317,Surname317,M,D007,JL4,2021-06-04,2021-12-09
E0319,Name318,Surname318,M,D001,JL5,2020-01-14,
E0320,Name319,Surname319,M,D001,JL3,2024-04-03,
E0321,Name320,Surname320,M,D002,JL4,2020-03-05,
E0322,Name321,Surname321,M,D009,JL5,2025-03-30,
E0323,Name322,Surname322,M,D002,JL2,2022-06-06,2025-01-01
E0324,Name323,Surname323,M,D003,JL4,2023-12-26,2024-11-29
E0325,Name324,Surname324,F,D010,JL6,2024-10-13,
E0326,Name325,Surname325,F,D008,JL1,2020-10-21,2021-12-09
E0327,Name326,Surname326,F,D008,JL2,2020-05-14,
E0328,Name327,Surname327,F,D004,JL1,2025-06-29,
E0329,Name328,Surname328,M,D006,JL6,2024-11-05,
E0330,Name329,Surname329,M,D004,JL2,2024-05-18,
E0331,Name330,Surname330,F,D009,JL6,2023-07-15,2024-11-25
E0332,Name331,Surname331,M,D010,JL1,2025-08-05,
E0333,Name332,Surname332,F,D007,JL4,2020-01-26,
E0334,Name333,Surname333,F,D008,JL5,2021-10-17,2024-07-22
E0335,Name334,Surname334,M,D009,JL1,2025-09-23,2025-12-27
E0336,Name335,Surname335,F,D009,JL4,2019-04-03,
E0337,Name336,Surname336,M,D008,JL4,2023-02-26,2024-04-23
E0338,Name337,Surname337,M,D005,JL5,2023-05-16,
E0339,Name338,Surname338,F,D010,JL1,2019-06-18,
E0340,Name339,Surname339,M,D006,JL5,2023-03-03,
E0341,Name340,Surname340,F,D003,JL1,2023-06-04,
E0342,Name341,Surname341,F,D009,JL1,2023-05-19,2024-11-17
E0343,Name342,Surname342,F,D008,JL2,2019-01-26,
E0344,Name343,Surname343,M,D004,JL6,2025-08-22,2025-10-22
E0345,Name344,Surname344,F,D003,JL2,2019-06-17,
E0346,Name345,Surname345,M,D007,JL1,2025-09-03,
E0347,Name346,Surname346,F,D005,JL1,2024-09-15,
E0348,Name347,Surname347,F,D010,JL6,2020-08-12,2024-09-13
E0349,Name348,Surname348,M,D007,JL6,2025-09-10,
E0350,Name349,Surname349,M,D010,JL6,2021-11-13,
E0351,Name350,Surname350,M,D001,JL2,2022-09-29,
E0352,Name351,Surname351,M,D002,JL3,2019-12-24,2020-06-17
E0353,Name352,Surname352,F,D004,JL6,2025-06-24,
E0354,Name353,Surname353,M,D006,JL4,2023-03-15,2024-05-29
E0355,Name354,Surname354,M,D008,JL6,2024-10-27,2025-04-10
E0356,Name355,Surname355,F,D009,JL1,2022-03-05,
E0357,Name356,Surname356,F,D010,JL5,2023-01-13,
E0358,Name357,Surname357,M,D004,JL6,2020-11-09,2025-10-13
E0359,Name358,Surname358,M,D006,JL1,2019-03-09,
E0360,Name359,Surname359,F,D009,JL4,2021-04-21,
E0361,Name360,Surname360,M,D010,JL2,2022-05-25,
E0362,Name361,Surname361,M,D001,JL4,2022-09-24,2025-07-25
E0363,Name362,Surname362,F,D005,JL4,2021-03-03,
E0364,Name363,Surname363,F,D009,JL1,2023-05-12,2024-01-17
E0365,Name364,Surname364,F,D007,JL2,2024-06-28,
E0366,Name365,Surname365,F,D009,JL6,2020-06-26,
E0367,Name366,Surname366,M,D002,JL5,2025-03-17,2025-07-04
E0368,Name367,Surname367,F,D005,JL5,2022-06-05,2025-08-30
E0369,Name368,Surname368,F,D005,JL1,2021-03-29,
E0370,Name369,Surname369,M,D004,JL1,2020-07-13,
E0371,Name370,Surname370,M,D003,JL4,2023-04-27,
E0372,Name371,Surname371,F,D006,JL5,2019-11-10,
E0373,Name372,Surname372,M,D010,JL3,2020-07-02,
E0374,Name373,Surname373,F,D004,JL1,2022-08-29,
E0375,Name374,Surname374,F,D001,JL1,2021-02-09,
E0376,Name375,Surname375,M,D008,JL2,2019-04-10,2021-03-21
E0377,Name376,Surname376,F,D003,JL5,2023-10-20,
E0378,Name377,Surname377,F,D006,JL2,2020-11-14,
E0379,Name378,Surname378,F,D005,JL1,2023-09-16,
E0380,Name379,Surname379,M,D010,JL6,2025-03-27,
E0381,Name380,Surname380,M,D002,JL1,2022-03-07,
E0382,Name381,Surname381,M,D005,JL4,2019-07-29,2019-09-24
E0383,Name382,Surname382,M,D007,JL4,2025-07-03,
E0384,Name383,Surname383,M,D004,JL6,2022-03-23,2025-03-07
E0385,Name384,Surname384,F,D006,JL4,2021-10-20,2023-05-31
E0386,Name385,Surname385,M,D003,JL6,2020-03-22,
E0387,Name386,Surname386,F,D002,JL5,2025-01-09,
E0388,Name387,Surname387,M,D007,JL5,2023-04-09,
E0389,Name388,Surname388,M,D005,JL1,2021-09-04,2025-12-13
E0390,Name389,Surname389,M,D008,JL1,2019-05-01,
E0391,Name390,Surname390,F,D010,JL1,2021-09-08,2025-09-07
E0392,Name391,Surname391,M,D001,JL5,2025-01-20,
E0393,Name392,Surname392,M,D006,JL5,2024-12-23,
E0394,Name393,Surname393,F,D008,JL3,2024-08-23,
E0395,Name394,Surname394,M,D008,JL4,2024-01-21,
E0396,Name395,Surname395,M,D004,JL5,2023-01-25,
E0397,Name396,Surname396,F,D004,JL4,2020-09-06,2025-05-24
E0398,Name397,Surname397,M,D010,JL4,2023-07-16,2025-07-23
E0399,Name398,Surname398,F,D003,JL1,2023-08-22,2024-06-12
E0400,Name399,Surname399,F,D004,JL5,2025-12-23,2025-12-23
E0401,Name400,Surname400,M,D006,JL1,2024-08-28,2025-08-21
E0402,Name401,Surname401,M,D008,JL1,2023-03-18,
E0403,Name402,Surname402,F,D005,JL1,2022-03-07,
E0404,Name403,Surname403,M,D010,JL3,2022-12-23,
E0405,Name404,Surname404,M,D009,JL1,2023-07-31,2025-07-31
E0406,Name405,Surname405,F,D009,JL1,2022-12-11,
E0407,Name406,Surname406,M,D006,JL6,2025-11-30,
E0408,Name407,Surname407,F,D003,JL5,2020-05-08,
E0409,Name408,Surname408,M,D009,JL6,2020-01-06,2023-12-10
E0410,Name409,Surname409,F,D005,JL1,2021-09-29,
E0411,Name410,Surname410,F,D005,JL2,2020-06-20,2022-09-09
E0412,Name411,Surname411,M,D010,JL5,2019-04-24,
E0413,Name412,Surname412,F,D006,JL5,2023-03-07,
E0414,Name413,Surname413,M,D010,JL5,2025-04-25,2025-10-09
E0415,Name414,Surname414,F,D006,JL4,2021-09-03,
E0416,Name415,Surname415,F,D007,JL6,2019-11-30,
E0417,Name416,Surname416,F,D005,JL3,2025-03-22,
E0418,Name417,Surname417,M,D010,JL6,2022-01-14,
E0419,Name418,Surname418,M,D008,JL5,2019-03-20,
E0420,Name419,Surname419,M,D009,JL3,2021-03-19,2024-07-01
E0421,Name420,Surname420,F,D003,JL1,2024-02-02,2025-07-04
E0422,Name421,Surname421,F,D003,JL4,2022-07-08,
E0423,Name422,Surname422,M,D010,JL4,2020-02-20,
E0424,Name423,Surname423,F,D006,JL3,2023-01-18,
E0425,Name424,Surname424,M,D004,JL4,2020-03-24,
E0426,Name425,Surname425,M,D004,JL5,2022-05-23,
E0427,Name426,Surname426,F,D010,JL1,2020-04-15,2020-11-16
E0428,Name427,Surname427,F,D004,JL4,2024-08-15,
E0429,Name428,Surname428,F,D004,JL1,2021-03-17,
E0430,Name429,Surname429,F,D003,JL3,2021-03-27,
E0431,Name430,Surname430,F,D003,JL6,2023-09-13,2025-08-27
E0432,Name431,Surname431,F,D008,JL3,2020-12-03,
E0433,Name432,Surname432,M,D001,JL1,2019-02-20,
E0434,Name433,Surname433,F,D005,JL4,2025-01-25,
E0435,Name434,Surname434,M,D007,JL4,2019-08-21,
E0436,Name435,Surname435,F,D008,JL2,2021-01-13,
E0437,Name436,Surname436,M,D002,JL5,2025-03-12,2025-08-27
E0438,Name437,Surname437,M,D006,JL6,2021-09-27,
E0439,Name438,Surname438,M,D010,JL4,2022-01-04,
E0440,Name439,Surname439,M,D008,JL4,2019-11-16,
E0441,Name440,Surname440,F,D005,JL1,2021-10-20,
E0442,Name441,Surname441,M,D002,JL1,2025-06-15,
E0443,Name442,Surname442,F,D009,JL1,2022-10-09,2025-12-25
E0444,Name443,Surname443,M,D002,JL5,2023-02-18,
E0445,Name444,Surname444,M,D006,JL3,2020-02-20,
E0446,Name445,Surname445,M,D008,JL6,2022-07-17,
E0447,Name446,Surname446,M,D001,JL2,2019-02-24,
E0448,Name447,Surname447,F,D007,JL4,2025-02-16,
E0449,Name448,Surname448,F,D006,JL5,2024-02-01,
E0450,Name449,Surname449,M,D003,JL6,2022-02-02,
E0451,Name450,Surname450,F,D008,JL2,2021-12-11,
E0452,Name451,Surname451,M,D003,JL2,2024-10-01,2025-08-18
E0453,Name452,Surname452,F,D003,JL3,2025-05-21,
E0454,Name453,Surname453,F,D008,JL2,2023-03-27,
E0455,Name454,Surname454,F,D007,JL2,2024-05-21,
E0456,Name455,Surname455,F,D009,JL1,2024-07-31,
E0457,Name456,Surname456,F,D003,JL2,2022-02-05,2022-06-10
E0458,Name457,Surname457,M,D004,JL2,2019-04-08,
E0459,Name458,Surname458,F,D009,JL5,2023-06-30,
E0460,Name459,Surname459,F,D007,JL6,2020-09-21,
E0461,Name460,Surname460,M,D009,JL4,2021-09-13,
E0462,Name461,Surname461,M,D002,JL2,2020-10-16,
E0463,Name462,Surname462,M,D003,JL5,2021-08-15,
E0464,Name463,Surname463,F,D002,JL6,2020-07-15,
E0465,Name464,Surname464,M,D004,JL6,2025-08-10,2025-08-12
E0466,Name465,Surname465,M,D003,JL3,2021-07-01,
E0467,Name466,Surname466,F,D004,JL3,2021-11-07,2023-11-01
E0468,Name467,Surname467,F,D002,JL6,2022-10-28,
E0469,Name468,Surname468,M,D009,JL2,2020-05-03,
E0470,Name469,Surname469,M,D009,JL5,2019-04-03,
E0471,Name470,Surname470,M,D007,JL4,2021-10-18,
E0472,Name471,Surname471,M,D002,JL3,2020-02-21,2024-11-05
E0473,Name472,Surname472,M,D001,JL6,2024-10-21,
E0474,Name473,Surname473,M,D006,JL3,2025-06-24,
E0475,Name474,Surname474,M,D009,JL5,2020-09-12,
E0476,Name475,Surname475,F,D001,JL3,2024-01-11,
E0477,Name476,Surname476,F,D010,JL6,2020-04-30,2022-06-30
E0478,Name477,Surname477,F,D008,JL3,2024-03-22,
E0479,Name478,Surname478,M,D010,JL1,2020-08-04,
E0480,Name479,Surname479,M,D005,JL4,2024-09-01,2025-12-15
E0481,Name480,Surname480,M,D004,JL6,2024-02-12,
E0482,Name481,Surname481,F,D006,JL1,2022-05-19,
E0483,Name482,Surname482,M,D006,JL6,2023-08-06,
E0484,Name483,Surname483,M,D006,JL2,2021-05-12,2024-08-06
E0485,Name484,Surname484,F,D006,JL2,2025-01-10,
E0486,Name485,Surname485,M,D002,JL2,2019-08-14,2025-03-27
E0487,Name486,Surname486,F,D002,JL4,2022-03-07,
E0488,Name487,Surname487,F,D001,JL1,2024-08-26,
E0489,Name488,Surname488,M,D007,JL6,2021-02-13,2025-05-26
E0490,Name489,Surname489,F,D001,JL4,2022-10-12,
E0491,Name490,Surname490,F,D003,JL6,2022-11-26,
E0492,Name491,Surname491,F,D010,JL1,2022-11-11,
E0493,Name492,Surname492,M,D004,JL2,2022-08-09,
E0494,Name493,Surname493,M,D007,JL2,2023-09-16,
E0495,Name494,Surname494,F,D008,JL3,2024-06-01,
E0496,Name495,Surname495,F,D008,JL1,2024-11-08,
E0497,Name496,Surname496,M,D002,JL5,2022-03-06,
E0498,Name497,Surname497,F,D006,JL5,2024-07-01,
E0499,Name498,Surname498,F,D002,JL2,2024-01-31,
E0500,Name499,Surname499,F,D001,JL1,2025-08-19,
E0501,Name500,Surname500,F,D009,JL2,2023-11-23,
E0502,Name501,Surname501,M,D010,JL5,2022-04-26,
E0503,Name502,Surname502,M,D004,JL2,2023-09-02,
E0504,Name503,Surname503,M,D008,JL4,2020-05-24,
E0505,Name504,Surname504,F,D003,JL4,2025-05-20,
E0506,Name505,Surname505,F,D004,JL1,2025-11-06,2025-12-11
E0507,Name506,Surname506,M,D009,JL3,2021-02-27,
E0508,Name507,Surname507,M,D002,JL3,2024-10-17,2024-12-26
E0509,Name508,Surname508,F,D006,JL6,2019-03-14,
E0510,Name509,Surname509,M,D010,JL2,2023-08-19,
E0511,Name510,Surname510,M,D001,JL2,2023-12-31,
E0512,Name511,Surname511,F,D002,JL5,2025-09-17,
E0513,Name512,Surname512,M,D007,JL1,2023-05-11,
E0514,Name513,Surname513,F,D007,JL2,2020-07-03,
E0515,Name514,Surname514,M,D006,JL1,2021-02-22,
E0516,Name515,Surname515,M,D004,JL3,2019-07-17,
E0517,Name516,Surname516,F,D006,JL5,2021-09-11,
E0518,Name517,Surname517,F,D003,JL2,2019-08-31,2024-07-08
E0519,Name518,Surname518,M,D001,JL4,2024-07-29,
E0520,Name519,Surname519,F,D005,JL1,2021-03-12,2025-08-10
E0521,Name520,Surname520,M,D007,JL1,2022-11-20,
E0522,Name521,Surname521,F,D009,JL1,2021-12-29,
E0523,Name522,Surname522,F,D010,JL3,2025-04-03,2025-04-18
E0524,Name523,Surname523,M,D009,JL6,2023-01-19,
E0525,Name524,Surname524,M,D001,JL4,2024-11-28,2025-05-04
E0526,Name525,Surname525,M,D002,JL6,2019-04-02,2024-03-04
E0527,Name526,Surname526,M,D003,JL5,2025-07-19,
E0528,Name527,Surname527,F,D010,JL5,2023-02-24,
E0529,Name528,Surname528,M,D007,JL1,2019-11-04,2020-07-27
E0530,Name529,Surname529,F,D007,JL2,2024-06-02,
E0531,Name530,Surname530,F,D005,JL2,2019-07-16,
E0532,Name531,Surname531,F,D007,JL6,2023-10-06,
E0533,Name532,Surname532,M,D002,JL4,2024-06-20,2024-12-04
E0534,Name533,Surname533,M,D002,JL6,2020-01-09,
E0535,Name534,Surname534,F,D008,JL3,2023-11-02,
E0536,Name535,Surname535,M,D004,JL3,2023-09-20,
E0537,Name536,Surname536,F,D004,JL2,2019-02-11,
E0538,Name537,Surname537,F,D001,JL4,2019-09-22,
E0539,Name538,Surname538,F,D006,JL1,2022-05-19,
E0540,Name539,Surname539,F,D003,JL1,2020-09-18,
E0541,Name540,Surname540,M,D009,JL5,2025-01-28,2025-04-26
E0542,Name541,Surname541,M,D002,JL6,2020-09-05,
E0543,Name542,Surname542,F,D008,JL5,2022-04-12,
E0544,Name543,Surname543,F,D002,JL6,2024-06-24,
E0545,Name544,Surname544,M,D004,JL6,2023-03-02,2023-06-20
E0546,Name545,Surname545,F,D002,JL5,2019-02-26,
E0547,Name546,Surname546,M,D009,JL4,2021-03-25,
E0548,Name547,Surname547,F,D002,JL4,2020-02-07,
E0549,Name548,Surname548,M,D006,JL3,2020-01-25,
E0550,Name549,Surname549,M,D001,JL6,2024-12-15,2025-01-09
E0551,Name550,Surname550,M,D004,JL5,2024-07-08,
E0552,Name551,Surname551,M,D010,JL2,2021-05-10,
E0553,Name552,Surname552,F,D010,JL1,2020-03-21,
E0554,Name553,Surname553,F,D008,JL4,2020-07-07,
E0555,Name554,Surname554,F,D002,JL1,2020-04-10,2022-01-30
E0556,Name555,Surname555,M,D008,JL4,2024-10-28,2025-06-29
E0557,Name556,Surname556,F,D008,JL6,2019-11-16,
E0558,Name557,Surname557,M,D001,JL6,2019-05-20,2020-12-23
E0559,Name558,Surname558,M,D006,JL1,2021-08-29,
E0560,Name559,Surname559,F,D005,JL6,2025-01-14,
E0561,Name560,Surname560,F,D001,JL4,2021-07-05,2024-07-17
E0562,Name561,Surname561,M,D009,JL1,2019-03-21,
E0563,Name562,Surname562,M,D006,JL3,2019-03-15,2023-03-04
E0564,Name563,Surname563,F,D008,JL1,2021-06-30,
E0565,Name564,Surname564,F,D007,JL5,2024-10-24,
E0566,Name565,Surname565,M,D001,JL3,2019-05-27,
E0567,Name566,Surname566,M,D006,JL5,2024-02-12,
E0568,Name567,Surname567,M,D001,JL5,2023-12-20,
E0569,Name568,Surname568,M,D006,JL5,2021-02-02,2023-02-11
E0570,Name569,Surname569,F,D010,JL2,2020-04-19,2021-08-10
E0571,Name570,Surname570,F,D005,JL5,2021-12-28,
E0572,Name571,Surname571,F,D010,JL4,2023-03-27,2025-01-16
E0573,Name572,Surname572,F,D004,JL3,2022-07-04,
E0574,Name573,Surname573,F,D006,JL1,2023-11-03,
E0575,Name574,Surname574,F,D008,JL1,2022-05-11,
E0576,Name575,Surname575,M,D007,JL6,2020-09-12,2021-05-06
E0577,Name576,Surname576,M,D004,JL1,2020-08-11,
E0578,Name577,Surname577,F,D003,JL2,2019-03-22,
E0579,Name578,Surname578,M,D010,JL1,2023-01-08,
E0580,Name579,Surname579,F,D008,JL3,2025-01-18,2025-12-05
E0581,Name580,Surname580,M,D003,JL4,2019-11-18,
E0582,Name581,Surname581,M,D004,JL6,2019-10-01,2024-04-18
E0583,Name582,Surname582,M,D009,JL2,2019-12-08,
E0584,Name583,Surname583,M,D010,JL5,2025-10-19,2025-12-28
E0585,Name584,Surname584,F,D006,JL3,2019-12-24,
E0586,Name585,Surname585,M,D007,JL1,2021-08-28,
E0587,Name586,Surname586,M,D010,JL2,2025-05-01,
E0588,Name587,Surname587,F,D009,JL3,2024-11-09,
E0589,Name588,Surname588,F,D005,JL3,2025-12-14,
E0590,Name589,Surname589,F,D009,JL2,2021-06-14,2023-11-17
E0591,Name590,Surname590,M,D010,JL2,2024-09-19,
E0592,Name591,Surname591,M,D003,JL4,2025-05-04,
E0593,Name592,Surname592,F,D010,JL1,2020-06-14,
E0594,Name593,Surname593,M,D010,JL4,2020-09-22,
E0595,Name594,Surname594,F,D010,JL2,2025-01-27,
E0596,Name595,Surname595,M,D002,JL4,2020-08-31,
E0597,Name596,Surname596,F,D007,JL4,2020-10-20,
E0598,Name597,Surname597,F,D004,JL4,2021-05-23,
E0599,Name598,Surname598,F,D010,JL1,2019-08-30,2025-02-17
E0600,Name599,Surname599,F,D008,JL2,2025-12-10,
E0601,Name600,Surname600,M,D002,JL2,2024-11-25,2025-06-05
E0602,Name601,Surname601,F,D004,JL5,2024-04-24,
E0603,Name602,Surname602,F,D004,JL2,2023-05-04,2025-04-18
E0604,Name603,Surname603,M,D010,JL4,2024-06-26,2024-07-23
E0605,Name604,Surname604,M,D009,JL4,2023-08-17,
E0606,Name605,Surname605,M,D006,JL4,2020-03-18,
E0607,Name606,Surname606,F,D001,JL4,2022-04-28,2025-05-02
E0608,Name607,Surname607,M,D007,JL2,2022-07-15,
E0609,Name608,Surname608,F,D005,JL4,2023-11-22,2025-03-21
E0610,Name609,Surname609,F,D004,JL5,2019-12-01,
E0611,Name610,Surname610,M,D009,JL1,2019-11-06,
E0612,Name611,Surname611,M,D004,JL3,2019-03-21,2019-09-14
E0613,Name612,Surname612,M,D010,JL5,2020-11-23,
E0614,Name613,Surname613,F,D004,JL1,2022-05-02,
E0615,Name614,Surname614,F,D006,JL6,2024-08-14,
E0616,Name615,Surname615,F,D007,JL3,2020-07-18,
E0617,Name616,Surname616,M,D002,JL4,2022-10-19,
E0618,Name617,Surname617,F,D008,JL1,2019-09-02,2020-07-11
E0619,Name618,Surname618,F,D006,JL2,2021-01-14,2025-04-25
E0620,Name619,Surname619,F,D009,JL4,2019-02-13,
E0621,Name620,Surname620,F,D004,JL3,2020-05-03,
E0622,Name621,Surname621,F,D001,JL6,2025-06-02,2025-11-22
E0623,Name622,Surname622,M,D006,JL1,2024-01-09,2025-12-07
E0624,Name623,Surname623,M,D002,JL4,2025-11-06,2025-11-19
E0625,Name624,Surname624,F,D007,JL1,2020-06-19,2025-10-10
E0626,Name625,Surname625,F,D005,JL5,2020-10-01,2024-09-03
E0627,Name626,Surname626,F,D007,JL6,2019-05-31,
E0628,Name627,Surname627,M,D008,JL3,2022-09-22,
E0629,Name628,Surname628,F,D004,JL2,2023-10-20,
E0630,Name629,Surname629,M,D005,JL5,2020-05-21,2025-12-24
E0631,Name630,Surname630,F,D002,JL5,2019-09-08,
E0632,Name631,Surname631,F,D001,JL2,2023-02-28,2023-11-02
E0633,Name632,Surname632,F,D005,JL1,2020-03-10,
E0634,Name633,Surname633,M,D008,JL4,2019-03-03,
E0635,Name634,Surname634,F,D010,JL5,2019-11-25,
E0636,Name635,Surname635,F,D009,JL3,2022-02-17,
E0637,Name636,Surname636,M,D007,JL4,2023-06-17,
E0638,Name637,Surname637,F,D002,JL5,2020-08-20,2025-02-20
E0639,Name638,Surname638,F,D003,JL2,2022-10-31,2025-04-15
E0640,Name639,Surname639,M,D003,JL5,2020-04-29,
E0641,Name640,Surname640,F,D005,JL3,2025-02-02,
E0642,Name641,Surname641,F,D005,JL6,2023-03-27,
E0643,Name642,Surname642,F,D010,JL6,2024-08-03,2025-02-16
E0644,Name643,Surname643,F,D005,JL5,2025-07-16,
E0645,Name644,Surname644,F,D001,JL2,2021-05-28,2024-02-03
E0646,Name645,Surname645,M,D004,JL6,2024-08-20,
E0647,Name646,Surname646,M,D006,JL2,2022-03-20,
E0648,Name647,Surname647,M,D007,JL5,2022-08-14,
E0649,Name648,Surname648,F,D005,JL3,2019-04-06,
E0650,Name649,Surname649,F,D004,JL1,2025-03-18,
E0651,Name650,Surname650,M,D005,JL2,2020-10-26,
E0652,Name651,Surname651,F,D003,JL4,2021-03-13,
E0653,Name652,Surname652,F,D007,JL5,2021-04-08,2021-07-07
E0654,Name653,Surname653,F,D008,JL4,2021-01-05,
E0655,Name654,Surname654,M,D001,JL2,2022-07-07,2024-03-18
E0656,Name655,Surname655,F,D009,JL6,2021-07-24,
E0657,Name656,Surname656,M,D003,JL3,2022-02-23,
E0658,Name657,Surname657,F,D001,JL5,2025-08-06,
E0659,Name658,Surname658,F,D008,JL3,2019-12-05,2022-02-19
E0660,Name659,Surname659,F,D008,JL3,2019-07-16,
E0661,Name660,Surname660,M,D003,JL5,2019-03-10,2020-08-22
E0662,Name661,Surname661,F,D004,JL1,2024-06-23,
E0663,Name662,Surname662,M,D008,JL4,2019-06-12,
E0664,Name663,Surname663,M,D004,JL6,2024-01-28,
E0665,Name664,Surname664,F,D003,JL4,2024-07-31,2025-01-11
E0666,Name665,Surname665,F,D004,JL5,2023-11-03,
E0667,Name666,Surname666,F,D006,JL6,2020-06-05,
E0668,Name667,Surname667,F,D006,JL4,2021-11-13,
E0669,Name668,Surname668,F,D006,JL1,2021-12-08,2022-01-11
E0670,Name669,Surname669,F,D003,JL5,2020-05-11,2021-03-12
E0671,Name670,Surname670,F,D002,JL3,2025-08-07,
E0672,Name671,Surname671,F,D008,JL1,2022-09-16,
E0673,Name672,Surname672,M,D009,JL4,2020-07-03,
E0674,Name673,Surname673,M,D006,JL1,2025-10-21,
E0675,Name674,Surname674,F,D006,JL4,2021-06-21,
E0676,Name675,Surname675,M,D008,JL1,2019-12-18,
E0677,Name676,Surname676,F,D007,JL4,2024-06-21,
E0678,Name677,Surname677,M,D008,JL6,2021-05-20,
E0679,Name678,Surname678,M,D009,JL5,2025-04-18,2025-10-28
E0680,Name679,Surname679,F,D010,JL4,2020-08-13,
E0681,Name680,Surname680,M,D003,JL6,2024-06-01,
E0682,Name681,Surname681,F,D009,JL3,2024-10-28,
E0683,Name682,Surname682,F,D009,JL5,2020-11-21,
E0684,Name683,Surname683,M,D009,JL3,2022-02-24,
E0685,Name684,Surname684,F,D009,JL6,2020-09-28,2022-03-16
E0686,Name685,Surname685,F,D003,JL4,2022-03-22,
E0687,Name686,Surname686,M,D001,JL4,2023-12-17,2024-03-30
E0688,Name687,Surname687,M,D008,JL1,2021-11-26,
E0689,Name688,Surname688,M,D002,JL3,2024-12-04,
E0690,Name689,Surname689,M,D004,JL1,2021-09-21,
E0691,Name690,Surname690,F,D003,JL4,2023-09-27,2025-03-25
E0692,Name691,Surname691,M,D006,JL4,2025-03-19,2025-10-21
E0693,Name692,Surname692,F,D005,JL5,2020-01-17,
E0694,Name693,Surname693,M,D007,JL4,2025-12-23,
E0695,Name694,Surname694,F,D007,JL5,2022-11-14,
E0696,Name695,Surname695,F,D003,JL1,2020-12-05,2025-05-28
E0697,Name696,Surname696,F,D002,JL3,2021-02-18,
E0698,Name697,Surname697,F,D001,JL4,2022-03-04,
E0699,Name698,Surname698,F,D003,JL1,2020-05-18,2022-09-11
E0700,Name699,Surname699,F,D001,JL1,2024-06-30,
E0701,Name700,Surname700,M,D006,JL2,2023-08-30,
E0702,Name701,Surname701,M,D005,JL5,2023-07-06,
E0703,Name702,Surname702,F,D008,JL2,2023-12-12,
E0704,Name703,Surname703,F,D008,JL5,2020-06-02,
E0705,Name704,Surname704,M,D009,JL6,2024-02-07,
E0706,Name705,Surname705,M,D005,JL1,2019-02-01,
E0707,Name706,Surname706,F,D002,JL2,2025-04-23,2025-09-06
E0708,Name707,Surname707,M,D005,JL1,2021-09-05,
E0709,Name708,Surname708,M,D005,JL2,2023-12-28,2024-06-07
E0710,Name709,Surname709,F,D010,JL5,2019-10-14,
E0711,Name710,Surname710,M,D010,JL5,2023-10-07,2024-12-08
E0712,Name711,Surname711,M,D010,JL2,2019-10-10,2020-02-01
E0713,Name712,Surname712,F,D005,JL1,2019-04-26,2022-10-14
E0714,Name713,Surname713,M,D006,JL5,2022-03-12,
E0715,Name714,Surname714,F,D003,JL6,2024-11-15,
E0716,Name715,Surname715,F,D003,JL1,2023-08-03,
E0717,Name716,Surname716,F,D005,JL4,2021-04-22,2023-06-20
E0718,Name717,Surname717,F,D001,JL4,2023-12-01,
E0719,Name718,Surname718,F,D010,JL5,2023-06-06,
E0720,Name719,Surname719,M,D005,JL5,2021-10-08,
E0721,Name720,Surname720,F,D009,JL6,2020-10-09,
E0722,Name721,Surname721,F,D001,JL1,2024-08-08,
E0723,Name722,Surname722,M,D008,JL2,2022-05-08,
E0724,Name723,Surname723,F,D003,JL1,2022-07-31,
E0725,Name724,Surname724,M,D006,JL5,2020-04-03,2025-05-24
E0726,Name725,Surname725,M,D005,JL6,2024-12-05,2025-03-27
E0727,Name726,Surname726,F,D010,JL1,2023-04-19,
E0728,Name727,Surname727,M,D008,JL2,2023-06-29,
E0729,Name728,Surname728,M,D003,JL5,2025-03-29,2025-04-19
E0730,Name729,Surname729,M,D010,JL3,2024-09-30,2024-10-08
E0731,Name730,Surname730,F,D007,JL5,2022-02-18,2025-09-11
E0732,Name731,Surname731,F,D003,JL1,2023-06-07,2025-03-18
E0733,Name732,Surname732,M,D006,JL5,2023-08-20,2025-08-17
E0734,Name733,Surname733,M,D006,JL1,2024-01-27,
E0735,Name734,Surname734,M,D002,JL3,2024-03-11,
E0736,Name735,Surname735,F,D007,JL6,2022-06-28,
E0737,Name736,Surname736,F,D002,JL2,2024-09-11,2025-02-01
E0738,Name737,Surname737,M,D007,JL2,2023-08-29,
E0739,Name738,Surname738,F,D001,JL2,2019-06-10,2023-12-29
E0740,Name739,Surname739,F,D008,JL3,2024-02-12,
E0741,Name740,Surname740,F,D002,JL5,2020-01-11,
E0742,Name741,Surname741,F,D003,JL5,2022-05-24,
E0743,Name742,Surname742,F,D007,JL5,2024-03-05,
E0744,Name743,Surname743,F,D006,JL6,2020-03-07,2020-10-23
E0745,Name744,Surname744,F,D008,JL3,2020-05-08,
E0746,Name745,Surname745,F,D004,JL5,2020-08-15,
E0747,Name746,Surname746,F,D003,JL1,2024-02-23,
E0748,Name747,Surname747,F,D005,JL6,2020-03-17,
E0749,Name748,Surname748,M,D006,JL1,2022-05-05,
E0750,Name749,Surname749,F,D004,JL1,2023-03-20,2025-09-16
E0751,Name750,Surname750,F,D005,JL2,2025-07-04,2025-10-06
E0752,Name751,Surname751,M,D007,JL3,2023-03-23,2024-04-03
E0753,Name752,Surname752,M,D009,JL1,2023-10-21,
E0754,Name753,Surname753,F,D007,JL5,2022-06-16,2024-03-14
E0755,Name754,Surname754,F,D010,JL2,2023-02-10,2025-12-02
E0756,Name755,Surname755,F,D002,JL3,2020-06-10,
E0757,Name756,Surname756,F,D010,JL5,2025-01-11,
E0758,Name757,Surname757,F,D009,JL6,2019-10-12,
E0759,Name758,Surname758,M,D005,JL4,2019-01-15,2023-03-16
E0760,Name759,Surname759,M,D005,JL1,2019-03-13,2025-08-23
E0761,Name760,Surname760,F,D010,JL3,2023-06-28,
E0762,Name761,Surname761,F,D009,JL4,2025-01-21,
E0763,Name762,Surname762,M,D007,JL1,2022-04-24,
E0764,Name763,Surname763,M,D002,JL1,2021-05-01,
E0765,Name764,Surname764,M,D003,JL2,2023-02-27,
E0766,Name765,Surname765,M,D005,JL3,2024-04-06,
E0767,Name766,Surname766,F,D005,JL3,2020-03-10,
E0768,Name767,Surname767,M,D009,JL2,2021-08-28,
E0769,Name768,Surname768,F,D010,JL5,2025-05-22,
E0770,Name769,Surname769,F,D003,JL2,2024-05-13,
E0771,Name770,Surname770,M,D009,JL5,2019-02-22,2021-08-21
E0772,Name771,Surname771,F,D010,JL4,2020-07-14,
E0773,Name772,Surname772,M,D010,JL3,2025-11-03,
E0774,Name773,Surname773,M,D009,JL3,2020-11-09,
E0775,Name774,Surname774,M,D010,JL4,2025-03-16,2025-06-07
E0776,Name775,Surname775,M,D010,JL5,2023-09-13,2023-10-15
E0777,Name776,Surname776,F,D001,JL6,2023-06-19,
E0778,Name777,Surname777,F,D004,JL4,2025-12-22,
E0779,Name778,Surname778,M,D009,JL2,2020-07-26,
E0780,Name779,Surname779,M,D001,JL3,2024-02-18,
E0781,Name780,Surname780,F,D002,JL6,2019-06-11,2019-12-05
E0782,Name781,Surname781,F,D001,JL5,2024-05-18,
E0783,Name782,Surname782,M,D001,JL5,2022-01-29,2025-01-27
E0784,Name783,Surname783,F,D004,JL1,2025-06-14,
E0785,Name784,Surname784,F,D003,JL4,2025-01-24,2025-01-31
E0786,Name785,Surname785,M,D003,JL1,2022-09-15,2023-09-06
E0787,Name786,Surname786,F,D005,JL3,2023-01-02,
E0788,Name787,Surname787,F,D003,JL6,2020-02-15,
E0789,Name788,Surname788,M,D006,JL3,2021-06-21,
E0790,Name789,Surname789,M,D003,JL5,2025-04-05,
E0791,Name790,Surname790,F,D010,JL2,2019-09-17,
E0792,Name791,Surname791,F,D007,JL5,2024-11-14,
E0793,Name792,Surname792,M,D009,JL6,2019-07-02,2024-01-26
E0794,Name793,Surname793,F,D008,JL6,2024-10-04,2025-05-17
E0795,Name794,Surname794,F,D004,JL6,2020-08-04,
E0796,Name795,Surname795,F,D001,JL6,2023-11-24,2024-03-15
E0797,Name796,Surname796,M,D003,JL6,2024-08-20,2024-11-12
E0798,Name797,Surname797,M,D009,JL1,2020-10-31,
E0799,Name798,Surname798,F,D005,JL5,2019-08-17,
E0800,Name799,Surname799,M,D007,JL5,2022-12-28,
E0801,Name800,Surname800,M,D001,JL4,2020-03-16,2021-09-01
E0802,Name801,Surname801,F,D001,JL5,2021-06-21,2025-01-10
E0803,Name802,Surname802,F,D004,JL1,2023-09-14,
E0804,Name803,Surname803,F,D005,JL4,2019-12-29,
E0805,Name804,Surname804,M,D004,JL2,2022-09-11,
E0806,Name805,Surname805,M,D007,JL1,2019-07-08,2021-07-21
E0807,Name806,Surname806,F,D010,JL3,2022-12-03,2023-06-29
E0808,Name807,Surname807,M,D004,JL5,2021-12-13,
E0809,Name808,Surname808,M,D004,JL3,2021-06-13,
E0810,Name809,Surname809,M,D004,JL3,2021-11-24,
E0811,Name810,Surname810,F,D001,JL1,2025-06-03,2025-06-30
E0812,Name811,Surname811,F,D008,JL3,2025-01-07,2025-08-10
E0813,Name812,Surname812,F,D004,JL2,2022-10-13,
E0814,Name813,Surname813,M,D008,JL2,2025-02-19,
E0815,Name814,Surname814,F,D009,JL6,2019-01-04,2024-03-28
E0816,Name815,Surname815,M,D004,JL3,2021-07-01,
E0817,Name816,Surname816,F,D005,JL1,2020-12-18,
E0818,Name817,Surname817,M,D010,JL6,2023-06-26,
E0819,Name818,Surname818,M,D005,JL6,2025-05-13,
E0820,Name819,Surname819,F,D009,JL4,2021-03-25,
E0821,Name820,Surname820,M,D005,JL4,2025-05-09,
E0822,Name821,Surname821,M,D002,JL1,2025-03-12,2025-07-21
E0823,Name822,Surname822,F,D004,JL6,2019-06-06,
E0824,Name823,Surname823,F,D007,JL5,2023-10-09,
E0825,Name824,Surname824,M,D006,JL5,2025-10-14,
E0826,Name825,Surname825,M,D003,JL2,2024-01-03,
E0827,Name826,Surname826,F,D007,JL3,2025-06-16,
E0828,Name827,Surname827,F,D010,JL1,2020-10-31,
E0829,Name828,Surname828,M,D007,JL1,2023-10-27,
E0830,Name829,Surname829,M,D003,JL1,2023-12-01,2023-12-05
E0831,Name830,Surname830,F,D007,JL2,2023-01-06,2023-09-02
E0832,Name831,Surname831,M,D004,JL1,2024-05-05,
E0833,Name832,Surname832,M,D007,JL4,2022-03-27,
E0834,Name833,Surname833,F,D004,JL6,2023-09-28,2024-12-19
E0835,Name834,Surname834,M,D008,JL5,2021-09-22,
E0836,Name835,Surname835,M,D006,JL3,2021-05-14,2024-10-14
E0837,Name836,Surname836,F,D002,JL6,2021-06-04,2025-08-04
E0838,Name837,Surname837,F,D004,JL2,2021-10-07,
E0839,Name838,Surname838,M,D001,JL1,2022-09-27,
E0840,Name839,Surname839,F,D003,JL6,2020-07-20,2024-04-14
E0841,Name840,Surname840,F,D006,JL5,2023-08-29,2024-09-03
E0842,Name841,Surname841,F,D009,JL5,2021-03-29,
E0843,Name842,Surname842,M,D004,JL6,2021-06-08,
E0844,Name843,Surname843,M,D009,JL6,2022-03-24,2022-03-29
E0845,Name844,Surname844,M,D003,JL1,2020-03-31,
E0846,Name845,Surname845,F,D008,JL2,2019-09-17,
E0847,Name846,Surname846,F,D004,JL2,2019-09-18,2020-02-20
E0848,Name847,Surname847,F,D010,JL2,2021-05-31,
E0849,Name848,Surname848,M,D010,JL4,2021-03-12,2024-04-02
E0850,Name849,Surname849,M,D006,JL4,2023-05-09,
E0851,Name850,Surname850,M,D010,JL4,2022-11-01,
E0852,Name851,Surname851,M,D004,JL3,2020-11-08,2021-01-13
E0853,Name852,Surname852,M,D003,JL3,2020-06-09,
E0854,Name853,Surname853,F,D004,JL1,2019-10-14,
E0855,Name854,Surname854,F,D002,JL2,2021-12-20,
E0856,Name855,Surname855,M,D006,JL3,2024-01-10,
E0857,Name856,Surname856,M,D010,JL2,2021-11-24,
E0858,Name857,Surname857,M,D005,JL3,2024-09-13,
E0859,Name858,Surname858,F,D005,JL3,2022-05-24,
E0860,Name859,Surname859,M,D005,JL3,2024-11-30,
E0861,Name860,Surname860,M,D006,JL2,2021-12-15,
E0862,Name861,Surname861,M,D002,JL6,2022-01-07,
E0863,Name862,Surname862,M,D005,JL6,2020-11-12,
E0864,Name863,Surname863,F,D003,JL5,2024-12-05,2025-01-22
E0865,Name864,Surname864,F,D007,JL1,2025-11-13,
E0866,Name865,Surname865,M,D001,JL3,2022-04-08,
E0867,Name866,Surname866,M,D009,JL5,2022-11-09,
E0868,Name867,Surname867,F,D001,JL4,2020-03-04,
E0869,Name868,Surname868,F,D007,JL3,2023-01-26,2023-10-18
E0870,Name869,Surname869,F,D002,JL4,2020-11-02,
E0871,Name870,Surname870,M,D001,JL4,2023-07-11,2024-01-19
E0872,Name871,Surname871,F,D005,JL6,2022-07-01,2022-10-21
E0873,Name872,Surname872,F,D003,JL6,2023-07-16,
E0874,Name873,Surname873,M,D006,JL2,2024-01-09,2025-05-18
E0875,Name874,Surname874,F,D002,JL4,2025-11-03,
E0876,Name875,Surname875,M,D002,JL6,2021-10-06,
E0877,Name876,Surname876,F,D006,JL2,2025-09-11,
E0878,Name877,Surname877,M,D009,JL4,2021-10-14,2022-07-27
E0879,Name878,Surname878,F,D001,JL4,2019-11-02,
E0880,Name879,Surname879,F,D003,JL2,2022-01-21,
E0881,Name880,Surname880,F,D007,JL3,2022-09-04,
E0882,Name881,Surname881,F,D005,JL1,2019-05-04,
E0883,Name882,Surname882,M,D009,JL3,2019-01-26,
E0884,Name883,Surname883,F,D006,JL5,2022-04-07,
E0885,Name884,Surname884,M,D005,JL2,2023-03-06,
E0886,Name885,Surname885,F,D001,JL3,2024-04-09,2024-06-26
E0887,Name886,Surname886,F,D005,JL3,2024-06-20,
E0888,Name887,Surname887,F,D007,JL6,2019-09-17,2022-06-05
E0889,Name888,Surname888,F,D007,JL3,2024-03-30,2025-03-17
E0890,Name889,Surname889,F,D002,JL3,2019-04-03,
E0891,Name890,Surname890,F,D001,JL4,2021-06-24,2021-11-23
E0892,Name891,Surname891,M,D002,JL2,2020-12-10,
E0893,Name892,Surname892,F,D010,JL5,2019-04-08,
E0894,Name893,Surname893,M,D006,JL1,2021-11-12,2022-09-13
E0895,Name894,Surname894,F,D006,JL4,2025-01-23,
E0896,Name895,Surname895,F,D005,JL5,2020-01-21,
E0897,Name896,Surname896,M,D002,JL1,2022-11-17,
E0898,Name897,Surname897,M,D007,JL3,2024-06-15,
E0899,Name898,Surname898,F,D002,JL1,2020-06-01,
E0900,Name899,Surname899,M,D001,JL5,2022-06-04,
E0901,Name900,Surname900,F,D007,JL5,2022-04-29,
E0902,Name901,Surname901,F,D005,JL1,2022-07-21,
E0903,Name902,Surname902,M,D005,JL4,2025-08-05,
E0904,Name903,Surname903,M,D002,JL4,2024-08-09,2025-01-09
E0905,Name904,Surname904,M,D007,JL2,2022-04-07,2025-05-22
E0906,Name905,Surname905,F,D009,JL4,2020-02-06,2022-10-17
E0907,Name906,Surname906,F,D002,JL4,2024-03-25,
E0908,Name907,Surname907,F,D002,JL2,2025-05-13,
E0909,Name908,Surname908,F,D007,JL1,2022-11-19,
E0910,Name909,Surname909,M,D007,JL2,2020-07-19,
E0911,Name910,Surname910,M,D005,JL4,2022-12-17,
E0912,Name911,Surname911,F,D006,JL5,2022-11-08,2025-03-16
E0913,Name912,Surname912,F,D003,JL6,2022-10-04,
E0914,Name913,Surname913,M,D009,JL1,2024-06-02,2025-03-09
E0915,Name914,Surname914,M,D001,JL6,2021-03-18,
E0916,Name915,Surname915,M,D005,JL4,2021-01-06,2024-08-21
E0917,Name916,Surname916,M,D001,JL4,2025-12-25,
E0918,Name917,Surname917,M,D006,JL6,2019-02-18,
E0919,Name918,Surname918,M,D010,JL6,2023-08-05,
E0920,Name919,Surname919,F,D005,JL1,2021-11-28,
E0921,Name920,Surname920,M,D004,JL2,2019-06-04,
E0922,Name921,Surname921,M,D006,JL4,2021-09-10,
E0923,Name922,Surname922,F,D009,JL5,2025-01-29,
E0924,Name923,Surname923,M,D006,JL1,2025-11-28,
E0925,Name924,Surname924,M,D004,JL5,2019-06-13,
E0926,Name925,Surname925,F,D003,JL4,2019-06-05,
E0927,Name926,Surname926,M,D006,JL2,2019-01-23,
E0928,Name927,Surname927,M,D001,JL5,2024-03-28,
E0929,Name928,Surname928,F,D004,JL3,2025-12-18,
E0930,Name929,Surname929,M,D009,JL1,2021-01-18,
E0931,Name930,Surname930,M,D010,JL5,2019-01-07,
E0932,Name931,Surname931,M,D009,JL6,2019-10-27,2021-03-27
E0933,Name932,Surname932,M,D006,JL2,2019-04-15,
E0934,Name933,Surname933,F,D001,JL2,2022-05-09,
E0935,Name934,Surname934,F,D004,JL5,2019-07-03,2022-10-14
E0936,Name935,Surname935,F,D007,JL2,2021-11-23,
E0937,Name936,Surname936,F,D005,JL2,2022-02-27,
E0938,Name937,Surname937,M,D002,JL4,2023-10-25,2023-10-31
E0939,Name938,Surname938,F,D005,JL2,2025-10-17,2025-12-21
E0940,Name939,Surname939,M,D005,JL5,2020-05-13,
E0941,Name940,Surname940,F,D010,JL2,2024-09-27,
E0942,Name941,Surname941,F,D004,JL5,2023-01-25,
E0943,Name942,Surname942,F,D001,JL4,2023-01-01,2023-08-30
E0944,Name943,Surname943,F,D005,JL5,2019-10-15,
E0945,Name944,Surname944,M,D007,JL4,2023-06-15,2025-12-27
E0946,Name945,Surname945,F,D003,JL6,2022-04-14,
E0947,Name946,Surname946,M,D009,JL5,2020-12-12,
E0948,Name947,Surname947,F,D007,JL6,2021-04-11,2022-02-02
E0949,Name948,Surname948,M,D006,JL1,2023-03-09,2025-10-07
E0950,Name949,Surname949,F,D007,JL2,2019-12-21,
E0951,Name950,Surname950,M,D009,JL5,2025-10-02,
E0952,Name951,Surname951,F,D002,JL6,2021-02-14,
E0953,Name952,Surname952,F,D007,JL3,2021-07-20,
E0954,Name953,Surname953,F,D009,JL3,2020-05-01,2022-08-14
E0955,Name954,Surname954,M,D009,JL3,2023-05-27,
E0956,Name955,Surname955,F,D004,JL4,2019-10-18,
E0957,Name956,Surname956,M,D007,JL6,2019-10-17,
E0958,Name957,Surname957,M,D002,JL3,2019-09-22,
E0959,Name958,Surname958,M,D008,JL2,2025-08-04,
E0960,Name959,Surname959,M,D002,JL5,2023-03-22,2023-06-01
E0961,Name960,Surname960,M,D002,JL3,2025-07-30,2025-08-24
E0962,Name961,Surname961,F,D005,JL1,2025-06-05,
E0963,Name962,Surname962,M,D001,JL3,2020-04-05,
E0964,Name963,Surname963,M,D009,JL5,2024-12-27,
E0965,Name964,Surname964,F,D007,JL2,2024-12-12,
E0966,Name965,Surname965,F,D002,JL2,2024-02-02,
E0967,Name966,Surname966,M,D001,JL3,2021-10-01,
E0968,Name967,Surname967,M,D004,JL6,2019-03-17,
E0969,Name968,Surname968,F,D003,JL5,2019-01-29,
E0970,Name969,Surname969,M,D005,JL1,2022-03-22,
E0971,Name970,Surname970,F,D008,JL4,2022-05-17,
E0972,Name971,Surname971,M,D007,JL4,2023-03-01,
E0973,Name972,Surname972,F,D009,JL2,2020-01-03,
E0974,Name973,Surname973,F,D003,JL6,2024-01-17,
E0975,Name974,Surname974,M,D001,JL1,2020-03-29,
E0976,Name975,Surname975,F,D007,JL1,2020-02-18,
E0977,Name976,Surname976,M,D003,JL1,2022-04-17,
E0978,Name977,Surname977,M,D001,JL5,2023-05-13,
E0979,Name978,Surname978,F,D008,JL4,2020-04-17,2020-05-27
E0980,Name979,Surname979,M,D010,JL6,2024-08-03,2025-05-18
E0981,Name980,Surname980,F,D006,JL4,2023-05-20,
E0982,Name981,Surname981,M,D003,JL3,2019-02-19,
E0983,Name982,Surname982,F,D010,JL6,2023-05-23,
E0984,Name983,Surname983,F,D004,JL5,2020-04-30,
E0985,Name984,Surname984,F,D001,JL1,2021-02-01,
E0986,Name985,Surname985,F,D001,JL1,2024-04-30,
E0987,Name986,Surname986,M,D006,JL1,2019-03-20,
E0988,Name987,Surname987,M,D006,JL2,2022-06-26,
E0989,Name988,Surname988,F,D003,JL6,2022-11-16,
E0990,Name989,Surname989,M,D002,JL1,2022-01-05,
E0991,Name990,Surname990,M,D010,JL5,2019-01-04,
E0992,Name991,Surname991,M,D003,JL6,2024-11-25,
E0993,Name992,Surname992,M,D001,JL5,2023-06-23,2025-07-30
E0994,Name993,Surname993,M,D006,JL4,2020-06-10,
E0995,Name994,Surname994,M,D002,JL1,2019-09-22,
E0996,Name995,Surname995,M,D004,JL4,2021-06-13,2022-09-20
E0997,Name996,Surname996,F,D006,JL4,2022-08-22,
E0998,Name997,Surname997,M,D007,JL4,2023-04-18,
E0999,Name998,Surname998,F,D004,JL5,2022-11-30,
E1000,Name999,Surname999,F,D007,JL5,2022-05-14,
