EmployeeID,HireDate,DepartmentID
E0001,2024-03-01,D004
E0002,2020-12-06,D006
E0003,2023-03-06,D002
E0004,2019-04-29,D001
E0005,2024-05-23,D001
E0006,2025-08-06,D004
E0007,2025-08-06,D006
E0008,2022-11-24,D008
E0009,2022-12-17,D009
E0010,2024-12-28,D009
E0011,2023-12-30,D002
E0012,2019-09-09,D004
E0013,2021-07-23,D002
E0014,2022-01-23,D001
E0015,2020-04-29,D006
E0016,2025-02-01,D007
E0017,2025-08-22,D004
E0018,2021-04-10,D007
E0019,2023-01-17,D008
E0020,2023-06-06,D001
E0021,2024-10-20,D001
E0022,2019-04-10,D009
E0023,2022-07-22,D002
E0024,2024-04-18,D006
E0025,2024-02-04,D006
E0026,2021-05-20,D007
E0027,2020-04-25,D009
E0028,2020-07-16,D001
E0029,2024-05-27,D006
E0030,2025-01-09,D006
E0031,2019-07-14,D002
E0032,2025-10-17,D006
E0033,2025-05-18,D002
E0034,2023-03-06,D009
E0035,2019-06-23,D006
E0036,2021-02-24,D002
E0037,2023-11-21,D003
E0038,2019-08-11,D002
E0039,2022-06-10,D007
E0040,2020-01-16,D010
E0041,2023-04-06,D003
E0042,2024-01-09,D005
E0043,2022-04-09,D003
E0044,2024-08-04,D004
E0045,2022-03-23,D003
E0046,2019-05-28,D007
E0047,2025-12-26,D007
E0048,2024-05-05,D001
E0049,2024-08-14,D005
E0050,2020-10-10,D001
E0051,2023-04-17,D003
E0052,2021-07-28,D006
E0053,2020-12-30,D007
E0054,2024-06-25,D003
E0055,2025-11-25,D010
E0056,2023-11-20,D002
E0057,2024-07-24,D008
E0058,2025-11-07,D004
E0059,2020-05-16,D010
E0060,2019-07-07,D006
E0061,2024-04-16,D007
E0062,2025-09-01,D001
E0063,2023-06-15,D002
E0064,2025-10-21,D009
E0065,2020-03-19,D003
E0066,2024-03-18,D009
E0067,2022-02-11,D001
E0068,2019-08-26,D009
E0069,2025-02-04,D005
E0070,2025-03-23,D005
E0071,2020-08-11,D001
E0072,2023-03-22,D006
E0073,2024-09-24,D008
E0074,2020-11-07,D004
E0075,2021-03-28,D008
E0076,2020-03-26,D005
E0077,2025-01-31,D001
E0078,2024-09-12,D010
E0079,2020-10-29,D003
E0080,2022-07-18,D002
E0081,2022-11-05,D001
E0082,2023-03-25,D006
E0083,2021-11-26,D010
E0084,2019-07-05,D003
E0085,2025-05-07,D004
E0086,2025-05-17,D010
E0087,2019-09-18,D002
E0088,2021-11-08,D009
E0089,2020-04-16,D002
E0090,2021-08-21,D010
E0091,2019-07-23,D006
E0092,2019-10-26,D008
E0093,2022-10-20,D005
E0094,2019-06-28,D003
E0095,2019-10-08,D004
E0096,2020-07-16,D006
E0097,2021-08-18,D009
E0098,2022-03-10,D001
E0099,2021-03-15,D006
E0100,2025-12-12,D009
E0101,2025-09-09,D004
E0102,2022-06-06,D002
E0103,2020-06-26,D010
E0104,2024-07-07,D007
E0105,2019-07-27,D001
E0106,2019-01-24,D001
E0107,2023-01-19,D003
E0108,2022-05-15,D002
E0109,2024-12-03,D007
E0110,2025-11-17,D006
E0111,2025-04-19,D001
E0112,2025-01-14,D001
E0113,2022-02-18,D001
E0114,2021-08-03,D009
E0115,2019-03-22,D009
E0116,2022-10-14,D006
E0117,2021-06-08,D009
E0118,2019-08-02,D003
E0119,2023-06-11,D010
E0120,2019-09-30,D001
E0121,2025-04-01,D004
E0122,2020-09-21,D005
E0123,2025-05-21,D002
E0124,2020-08-03,D004
E0125,2019-09-26,D006
E0126,2025-01-13,D003
E0127,2025-05-19,D002
E0128,2025-08-13,D004
E0129,2025-07-09,D004
E0130,2020-06-13,D008
E0131,2025-04-02,D002
E0132,2025-06-08,D006
E0133,2025-05-13,D007
E0134,2019-07-04,D008
E0135,2024-06-04,D001
E0136,2023-12-23,D004
E0137,2020-06-03,D004
E0138,2025-10-13,D005
E0139,2022-09-03,D005
E0140,2022-08-27,D001
E0141,2019-07-06,D006
E0142,2025-09-01,D008
E0143,2024-03-22,D006
E0144,2021-11-05,D003
E0145,2022-07-15,D003
E0146,2024-09-24,D009
E0147,2025-04-27,D006
E0148,2025-10-20,D001
E0149,2021-03-07,D003
E0150,2025-05-18,D007
E0151,2025-02-03,D002
E0152,2021-10-14,D005
E0153,2020-08-07,D006
E0154,2024-07-03,D006
E0155,2025-07-30,D005
E0156,2024-10-28,D009
E0157,2019-11-24,D007
E0158,2021-08-24,D001
E0159,2022-08-30,D007
E0160,2024-02-24,D002
E0161,2025-03-08,D007
E0162,2025-09-23,D001
E0163,2023-03-17,D003
E0164,2022-12-04,D009
E0165,2025-04-03,D009
E0166,2021-04-24,D006
E0167,2025-09-15,D001
E0168,2019-05-22,D006
E0169,2019-02-28,D001
E0170,2024-01-15,D007
E0171,2019-07-12,D009
E0172,2022-02-14,D008
E0173,2019-01-15,D005
E0174,2025-07-19,D009
E0175,2019-09-06,D010
E0176,2020-08-19,D006
E0177,2019-02-07,D005
E0178,2022-11-02,D008
E0179,2022-11-01,D002
E0180,2020-07-04,D007
E0181,2023-03-21,D006
E0182,2022-10-27,D004
E0183,2019-01-26,D005
E0184,2022-01-04,D008
E0185,2023-03-20,D002
E0186,2024-07-15,D009
E0187,2024-03-26,D003
E0188,2019-03-06,D004
E0189,2025-10-20,D002
E0190,2022-07-26,D007
E0191,2025-11-28,D005
E0192,2022-04-29,D009
E0193,2019-11-09,D009
E0194,2025-05-30,D010
E0195,2021-08-13,D008
E0196,2022-10-04,D007
E0197,2019-07-11,D003
E0198,2019-02-10,D001
E0199,2024-02-14,D006
E0200,2020-06-28,D004
E0201,2019-10-25,D002
E0202,2019-11-12,D006
E0203,2020-09-22,D010
E0204,2021-11-10,D003
E0205,2021-02-05,D007
E0206,2022-11-08,D005
E0207,2022-10-29,D007
E0208,2020-03-27,D004
E0209,2024-01-09,D010
E0210,2022-04-20,D003
E0211,2022-01-11,D008
E0212,2023-05-07,D010
E0213,2025-02-18,D008
E0214,2023-10-27,D006
E0215,2021-12-23,D001
E0216,2023-04-07,D003
E0217,2020-11-02,D007
E0218,2020-09-28,D009
E0219,2022-11-11,D008
E0220,2025-06-24,D010
E0221,2021-05-30,D001
E0222,2022-01-26,D007
E0223,2021-08-10,D004
E0224,2024-03-24,D004
E0225,2019-07-14,D001
E0226,2019-01-19,D007
E0227,2023-05-20,D005
E0228,2025-07-31,D009
E0229,2024-05-17,D009
E0230,2024-12-19,D002
E0231,2025-05-03,D002
E0232,2023-08-19,D003
E0233,2025-12-26,D008
E0234,2019-06-30,D006
E0235,2019-06-30,D008
E0236,2023-03-06,D005
E0237,2020-02-04,D007
E0238,2023-04-21,D010
E0239,2019-05-24,D006
E0240,2025-09-03,D009
E0241,2020-06-02,D008
E0242,2022-12-06,D005
E0243,2024-11-01,D004
E0244,2022-06-23,D007
E0245,2021-02-28,D003
E0246,2019-02-13,D002
E0247,2023-04-12,D002
E0248,2023-09-02,D008
E0249,2022-04-05,D001
E0250,2024-09-30,D002
E0251,2024-07-02,D001
E0252,2021-03-13,D002
E0253,2023-02-06,D009
E0254,2024-05-28,D001
E0255,2021-10-16,D005
E0256,2022-02-28,D001
E0257,2022-01-29,D002
E0258,2022-01-25,D007
E0259,2020-03-05,D003
E0260,2024-02-14,D007
E0261,2023-07-05,D010
E0262,2024-02-20,D004
E0263,2025-09-12,D004
E0264,2025-03-18,D004
E0265,2020-09-19,D001
E0266,2022-12-11,D001
E0267,2020-10-30,D001
E0268,2024-01-24,D003
E0269,2024-04-28,D010
E0270,2021-05-09,D007
E0271,2022-12-16,D006
E0272,2022-08-13,D004
E0273,2020-09-01,D003
E0274,2021-04-10,D003
E0275,2024-02-29,D007
E0276,2025-11-08,D010
E0277,2022-12-22,D007
E0278,2023-05-27,D002
E0279,2021-07-06,D006
E0280,2021-06-17,D007
E0281,2025-03-25,D003
E0282,2022-11-30,D008
E0283,2020-03-20,D005
E0284,2022-11-18,D009
E0285,2024-04-17,D009
E0286,2025-12-27,D009
E0287,2019-10-06,D007
E0288,2021-04-23,D007
E0289,2020-04-15,D006
E0290,2022-07-23,D006
E0291,2019-07-14,D005
E0292,2025-12-01,D003
E0293,2023-09-03,D007
E0294,2019-10-11,D007
E0295,2024-07-14,D003
E0296,2025-09-12,D009
E0297,2025-06-09,D007
E0298,2023-08-03,D008
E0299,2024-02-12,D003
E0300,2024-10-16,D004
E0301,2023-08-06,D007
E0302,2025-08-09,D002
E0303,2021-05-03,D003
E0304,2023-12-30,D005
E0305,2019-10-01,D010
E0306,2024-08-18,D002
E0307,2021-10-28,D004
E0308,2024-09-28,D009
E0309,2022-06-25,D006
E0310,2020-10-11,D009
E0311,2021-02-26,D004
E0312,2023-02-16,D010
E0313,2022-05-19,D001
E0314,2021-12-11,D008
E0315,2021-09-23,D009
E0316,2025-06-03,D008
E0317,2023-04-03,D008
E0318,2021-06-04,D007
E0319,2020-01-14,D001
E0320,2024-04-03,D001
E0321,2020-03-05,D002
E0322,2025-03-30,D009
E0323,2022-06-06,D002
E0324,2023-12-26,D003
E0325,2024-10-13,D010
E0326,2020-10-21,D008
E0327,2020-05-14,D008
E0328,2025-06-29,D004
E0329,2024-11-05,D006
E0330,2024-05-18,D004
E0331,2023-07-15,D009
E0332,2025-08-05,D010
E0333,2020-01-26,D007
E0334,2021-10-17,D008
E0335,2025-09-23,D009
E0336,2019-04-03,D009
E0337,2023-02-26,D008
E0338,2023-05-16,D005
E0339,2019-06-18,D010
E0340,2023-03-03,D006
E0341,2023-06-04,D003
E0342,2023-05-19,D009
E0343,2019-01-26,D008
E0344,2025-08-22,D004
E0345,2019-06-17,D003
E0346,2025-09-03,D007
E0347,2024-09-15,D005
E0348,2020-08-12,D010
E0349,2025-09-10,D007
E0350,2021-11-13,D010
E0351,2022-09-29,D001
E0352,2019-12-24,D002
E0353,2025-06-24,D004
E0354,2023-03-15,D006
E0355,2024-10-27,D008
E0356,2022-03-05,D009
E0357,2023-01-13,D010
E0358,2020-11-09,D004
E0359,2019-03-09,D006
E0360,2021-04-21,D009
E0361,2022-05-25,D010
E0362,2022-09-24,D001
E0363,2021-03-03,D005
E0364,2023-05-12,D009
E0365,2024-06-28,D007
E0366,2020-06-26,D009
E0367,2025-03-17,D002
E0368,2022-06-05,D005
E0369,2021-03-29,D005
E0370,2020-07-13,D004
E0371,2023-04-27,D003
E0372,2019-11-10,D006
E0373,2020-07-02,D010
E0374,2022-08-29,D004
E0375,2021-02-09,D001
E0376,2019-04-10,D008
E0377,2023-10-20,D003
E0378,2020-11-14,D006
E0379,2023-09-16,D005
E0380,2025-03-27,D010
E0381,2022-03-07,D002
E0382,2019-07-29,D005
E0383,2025-07-03,D007
E0384,2022-03-23,D004
E0385,2021-10-20,D006
E0386,2020-03-22,D003
E0387,2025-01-09,D002
E0388,2023-04-09,D007
E0389,2021-09-04,D005
E0390,2019-05-01,D008
E0391,2021-09-08,D010
E0392,2025-01-20,D001
E0393,2024-12-23,D006
E0394,2024-08-23,D008
E0395,2024-01-21,D008
E0396,2023-01-25,D004
E0397,2020-09-06,D004
E0398,2023-07-16,D010
E0399,2023-08-22,D003
E0400,2025-12-23,D004
E0401,2024-08-28,D006
E0402,2023-03-18,D008
E0403,2022-03-07,D005
E0404,2022-12-23,D010
E0405,2023-07-31,D009
E0406,2022-12-11,D009
E0407,2025-11-30,D006
E0408,2020-05-08,D003
E0409,2020-01-06,D009
E0410,2021-09-29,D005
E0411,2020-06-20,D005
E0412,2019-04-24,D010
E0413,2023-03-07,D006
E0414,2025-04-25,D010
E0415,2021-09-03,D006
E0416,2019-11-30,D007
E0417,2025-03-22,D005
E0418,2022-01-14,D010
E0419,2019-03-20,D008
E0420,2021-03-19,D009
E0421,2024-02-02,D003
E0422,2022-07-08,D003
E0423,2020-02-20,D010
E0424,2023-01-18,D006
E0425,2020-03-24,D004
E0426,2022-05-23,D004
E0427,2020-04-15,D010
E0428,2024-08-15,D004
E0429,2021-03-17,D004
E0430,2021-03-27,D003
E0431,2023-09-13,D003
E0432,2020-12-03,D008
E0433,2019-02-20,D001
E0434,2025-01-25,D005
E0435,2019-08-21,D007
E0436,2021-01-13,D008
E0437,2025-03-12,D002
E0438,2021-09-27,D006
E0439,2022-01-04,D010
E0440,2019-11-16,D008
E0441,2021-10-20,D005
E0442,2025-06-15,D002
E0443,2022-10-09,D009
E0444,2023-02-18,D002
E0445,2020-02-20,D006
E0446,2022-07-17,D008
E0447,2019-02-24,D001
E0448,2025-02-16,D007
E0449,2024-02-01,D006
E0450,2022-02-02,D003
E0451,2021-12-11,D008
E0452,2024-10-01,D003
E0453,2025-05-21,D003
E0454,2023-03-27,D008
E0455,2024-05-21,D007
E0456,2024-07-31,D009
E0457,2022-02-05,D003
E0458,2019-04-08,D004
E0459,2023-06-30,D009
E0460,2020-09-21,D007
E0461,2021-09-13,D009
E0462,2020-10-16,D002
E0463,2021-08-15,D003
E0464,2020-07-15,D002
E0465,2025-08-10,D004
E0466,2021-07-01,D003
E0467,2021-11-07,D004
E0468,2022-10-28,D002
E0469,2020-05-03,D009
E0470,2019-04-03,D009
E0471,2021-10-18,D007
E0472,2020-02-21,D002
E0473,2024-10-21,D001
E0474,2025-06-24,D006
E0475,2020-09-12,D009
E0476,2024-01-11,D001
E0477,2020-04-30,D010
E0478,2024-03-22,D008
E0479,2020-08-04,D010
E0480,2024-09-01,D005
E0481,2024-02-12,D004
E0482,2022-05-19,D006
E0483,2023-08-06,D006
E0484,2021-05-12,D006
E0485,2025-01-10,D006
E0486,2019-08-14,D002
E0487,2022-03-07,D002
E0488,2024-08-26,D001
E0489,2021-02-13,D007
E0490,2022-10-12,D001
E0491,2022-11-26,D003
E0492,2022-11-11,D010
E0493,2022-08-09,D004
E0494,2023-09-16,D007
E0495,2024-06-01,D008
E0496,2024-11-08,D008
E0497,2022-03-06,D002
E0498,2024-07-01,D006
E0499,2024-01-31,D002
E0500,2025-08-19,D001
E0501,2023-11-23,D009
E0502,2022-04-26,D010
E0503,2023-09-02,D004
E0504,2020-05-24,D008
E0505,2025-05-20,D003
E0506,2025-11-06,D004
E0507,2021-02-27,D009
E0508,2024-10-17,D002
E0509,2019-03-14,D006
E0510,2023-08-19,D010
E0511,2023-12-31,D001
E0512,2025-09-17,D002
E0513,2023-05-11,D007
E0514,2020-07-03,D007
E0515,2021-02-22,D006
E0516,2019-07-17,D004
E0517,2021-09-11,D006
E0518,2019-08-31,D003
E0519,2024-07-29,D001
E0520,2021-03-12,D005
E0521,2022-11-20,D007
E0522,2021-12-29,D009
E0523,2025-04-03,D010
E0524,2023-01-19,D009
E0525,2024-11-28,D001
E0526,2019-04-02,D002
E0527,2025-07-19,D003
E0528,2023-02-24,D010
E0529,2019-11-04,D007
E0530,2024-06-02,D007
E0531,2019-07-16,D005
E0532,2023-10-06,D007
E0533,2024-06-20,D002
E0534,2020-01-09,D002
E0535,2023-11-02,D008
E0536,2023-09-20,D004
E0537,2019-02-11,D004
E0538,2019-09-22,D001
E0539,2022-05-19,D006
E0540,2020-09-18,D003
E0541,2025-01-28,D009
E0542,2020-09-05,D002
E0543,2022-04-12,D008
E0544,2024-06-24,D002
E0545,2023-03-02,D004
E0546,2019-02-26,D002
E0547,2021-03-25,D009
E0548,2020-02-07,D002
E0549,2020-01-25,D006
E0550,2024-12-15,D001
E0551,2024-07-08,D004
E0552,2021-05-10,D010
E0553,2020-03-21,D010
E0554,2020-07-07,D008
E0555,2020-04-10,D002
E0556,2024-10-28,D008
E0557,2019-11-16,D008
E0558,2019-05-20,D001
E0559,2021-08-29,D006
E0560,2025-01-14,D005
E0561,2021-07-05,D001
E0562,2019-03-21,D009
E0563,2019-03-15,D006
E0564,2021-06-30,D008
E0565,2024-10-24,D007
E0566,2019-05-27,D001
E0567,2024-02-12,D006
E0568,2023-12-20,D001
E0569,2021-02-02,D006
E0570,2020-04-19,D010
E0571,2021-12-28,D005
E0572,2023-03-27,D010
E0573,2022-07-04,D004
E0574,2023-11-03,D006
E0575,2022-05-11,D008
E0576,2020-09-12,D007
E0577,2020-08-11,D004
E0578,2019-03-22,D003
E0579,2023-01-08,D010
E0580,2025-01-18,D008
E0581,2019-11-18,D003
E0582,2019-10-01,D004
E0583,2019-12-08,D009
E0584,2025-10-19,D010
E0585,2019-12-24,D006
E0586,2021-08-28,D007
E0587,2025-05-01,D010
E0588,2024-11-09,D009
E0589,2025-12-14,D005
E0590,2021-06-14,D009
E0591,2024-09-19,D010
E0592,2025-05-04,D003
E0593,2020-06-14,D010
E0594,2020-09-22,D010
E0595,2025-01-27,D010
E0596,2020-08-31,D002
E0597,2020-10-20,D007
E0598,2021-05-23,D004
E0599,2019-08-30,D010
E0600,2025-12-10,D008
E0601,2024-11-25,D002
E0602,2024-04-24,D004
E0603,2023-05-04,D004
E0604,2024-06-26,D010
E0605,2023-08-17,D009
E0606,2020-03-18,D006
E0607,2022-04-28,D001
E0608,2022-07-15,D007
E0609,2023-11-22,D005
E0610,2019-12-01,D004
E0611,2019-11-06,D009
E0612,2019-03-21,D004
E0613,2020-11-23,D010
E0614,2022-05-02,D004
E0615,2024-08-14,D006
E0616,2020-07-18,D007
E0617,2022-10-19,D002
E0618,2019-09-02,D008
E0619,2021-01-14,D006
E0620,2019-02-13,D009
E0621,2020-05-03,D004
E0622,2025-06-02,D001
E0623,2024-01-09,D006
E0624,2025-11-06,D002
E0625,2020-06-19,D007
E0626,2020-10-01,D005
E0627,2019-05-31,D007
E0628,2022-09-22,D008
E0629,2023-10-20,D004
E0630,2020-05-21,D005
E0631,2019-09-08,D002
E0632,2023-02-28,D001
E0633,2020-03-10,D005
E0634,2019-03-03,D008
E0635,2019-11-25,D010
E0636,2022-02-17,D009
E0637,2023-06-17,D007
E0638,2020-08-20,D002
E0639,2022-10-31,D003
E0640,2020-04-29,D003
E0641,2025-02-02,D005
E0642,2023-03-27,D005
E0643,2024-08-03,D010
E0644,2025-07-16,D005
E0645,2021-05-28,D001
E0646,2024-08-20,D004
E0647,2022-03-20,D006
E0648,2022-08-14,D007
E0649,2019-04-06,D005
E0650,2025-03-18,D004
E0651,2020-10-26,D005
E0652,2021-03-13,D003
E0653,2021-04-08,D007
E0654,2021-01-05,D008
E0655,2022-07-07,D001
E0656,2021-07-24,D009
E0657,2022-02-23,D003
E0658,2025-08-06,D001
E0659,2019-12-05,D008
E0660,2019-07-16,D008
E0661,2019-03-10,D003
E0662,2024-06-23,D004
E0663,2019-06-12,D008
E0664,2024-01-28,D004
E0665,2024-07-31,D003
E0666,2023-11-03,D004
E0667,2020-06-05,D006
E0668,2021-11-13,D006
E0669,2021-12-08,D006
E0670,2020-05-11,D003
E0671,2025-08-07,D002
E0672,2022-09-16,D008
E0673,2020-07-03,D009
E0674,2025-10-21,D006
E0675,2021-06-21,D006
E0676,2019-12-18,D008
E0677,2024-06-21,D007
E0678,2021-05-20,D008
E0679,2025-04-18,D009
E0680,2020-08-13,D010
E0681,2024-06-01,D003
E0682,2024-10-28,D009
E0683,2020-11-21,D009
E0684,2022-02-24,D009
E0685,2020-09-28,D009
E0686,2022-03-22,D003
E0687,2023-12-17,D001
E0688,2021-11-26,D008
E0689,2024-12-04,D002
E0690,2021-09-21,D004
E0691,2023-09-27,D003
E0692,2025-03-19,D006
E0693,2020-01-17,D005
E0694,2025-12-23,D007
E0695,2022-11-14,D007
E0696,2020-12-05,D003
E0697,2021-02-18,D002
E0698,2022-03-04,D001
E0699,2020-05-18,D003
E0700,2024-06-30,D001
E0701,2023-08-30,D006
E0702,2023-07-06,D005
E0703,2023-12-12,D008
E0704,2020-06-02,D008
E0705,2024-02-07,D009
E0706,2019-02-01,D005
E0707,2025-04-23,D002
E0708,2021-09-05,D005
E0709,2023-12-28,D005
E0710,2019-10-14,D010
E0711,2023-10-07,D010
E0712,2019-10-10,D010
E0713,2019-04-26,D005
E0714,2022-03-12,D006
E0715,2024-11-15,D003
E0716,2023-08-03,D003
E0717,2021-04-22,D005
E0718,2023-12-01,D001
E0719,2023-06-06,D010
E0720,2021-10-08,D005
E0721,2020-10-09,D009
E0722,2024-08-08,D001
E0723,2022-05-08,D008
E0724,2022-07-31,D003
E0725,2020-04-03,D006
E0726,2024-12-05,D005
E0727,2023-04-19,D010
E0728,2023-06-29,D008
E0729,2025-03-29,D003
E0730,2024-09-30,D010
E0731,2022-02-18,D007
E0732,2023-06-07,D003
E0733,2023-08-20,D006
E0734,2024-01-27,D006
E0735,2024-03-11,D002
E0736,2022-06-28,D007
E0737,2024-09-11,D002
E0738,2023-08-29,D007
E0739,2019-06-10,D001
E0740,2024-02-12,D008
E0741,2020-01-11,D002
E0742,2022-05-24,D003
E0743,2024-03-05,D007
E0744,2020-03-07,D006
E0745,2020-05-08,D008
E0746,2020-08-15,D004
E0747,2024-02-23,D003
E0748,2020-03-17,D005
E0749,2022-05-05,D006
E0750,2023-03-20,D004
E0751,2025-07-04,D005
E0752,2023-03-23,D007
E0753,2023-10-21,D009
E0754,2022-06-16,D007
E0755,2023-02-10,D010
E0756,2020-06-10,D002
E0757,2025-01-11,D010
E0758,2019-10-12,D009
E0759,2019-01-15,D005
E0760,2019-03-13,D005
E0761,2023-06-28,D010
E0762,2025-01-21,D009
E0763,2022-04-24,D007
E0764,2021-05-01,D002
E0765,2023-02-27,D003
E0766,2024-04-06,D005
E0767,2020-03-10,D005
E0768,2021-08-28,D009
E0769,2025-05-22,D010
E0770,2024-05-13,D003
E0771,2019-02-22,D009
E0772,2020-07-14,D010
E0773,2025-11-03,D010
E0774,2020-11-09,D009
E0775,2025-03-16,D010
E0776,2023-09-13,D010
E0777,2023-06-19,D001
E0778,2025-12-22,D004
E0779,2020-07-26,D009
E0780,2024-02-18,D001
E0781,2019-06-11,D002
E0782,2024-05-18,D001
E0783,2022-01-29,D001
E0784,2025-06-14,D004
E0785,2025-01-24,D003
E0786,2022-09-15,D003
E0787,2023-01-02,D005
E0788,2020-02-15,D003
E0789,2021-06-21,D006
E0790,2025-04-05,D003
E0791,2019-09-17,D010
E0792,2024-11-14,D007
E0793,2019-07-02,D009
E0794,2024-10-04,D008
E0795,2020-08-04,D004
E0796,2023-11-24,D001
E0797,2024-08-20,D003
E0798,2020-10-31,D009
E0799,2019-08-17,D005
E0800,2022-12-28,D007
E0801,2020-03-16,D001
E0802,2021-06-21,D001
E0803,2023-09-14,D004
E0804,2019-12-29,D005
E0805,2022-09-11,D004
E0806,2019-07-08,D007
E0807,2022-12-03,D010
E0808,2021-12-13,D004
E0809,2021-06-13,D004
E0810,2021-11-24,D004
E0811,2025-06-03,D001
E0812,2025-01-07,D008
E0813,2022-10-13,D004
E0814,2025-02-19,D008
E0815,2019-01-04,D009
E0816,2021-07-01,D004
E0817,2020-12-18,D005
E0818,2023-06-26,D010
E0819,2025-05-13,D005
E0820,2021-03-25,D009
E0821,2025-05-09,D005
E0822,2025-03-12,D002
E0823,2019-06-06,D004
E0824,2023-10-09,D007
E0825,2025-10-14,D006
E0826,2024-01-03,D003
E0827,2025-06-16,D007
E0828,2020-10-31,D010
E0829,2023-10-27,D007
E0830,2023-12-01,D003
E0831,2023-01-06,D007
E0832,2024-05-05,D004
E0833,2022-03-27,D007
E0834,2023-09-28,D004
E0835,2021-09-22,D008
E0836,2021-05-14,D006
E0837,2021-06-04,D002
E0838,2021-10-07,D004
E0839,2022-09-27,D001
E0840,2020-07-20,D003
E0841,2023-08-29,D006
E0842,2021-03-29,D009
E0843,2021-06-08,D004
E0844,2022-03-24,D009
E0845,2020-03-31,D003
E0846,2019-09-17,D008
E0847,2019-09-18,D004
E0848,2021-05-31,D010
E0849,2021-03-12,D010
E0850,2023-05-09,D006
E0851,2022-11-01,D010
E0852,2020-11-08,D004
E0853,2020-06-09,D003
E0854,2019-10-14,D004
E0855,2021-12-20,D002
E0856,2024-01-10,D006
E0857,2021-11-24,D010
E0858,2024-09-13,D005
E0859,2022-05-24,D005
E0860,2024-11-30,D005
E0861,2021-12-15,D006
E0862,2022-01-07,D002
E0863,2020-11-12,D005
E0864,2024-12-05,D003
E0865,2025-11-13,D007
E0866,2022-04-08,D001
E0867,2022-11-09,D009
E0868,2020-03-04,D001
E0869,2023-01-26,D007
E0870,2020-11-02,D002
E0871,2023-07-11,D001
E0872,2022-07-01,D005
E0873,2023-07-16,D003
E0874,2024-01-09,D006
E0875,2025-11-03,D002
E0876,2021-10-06,D002
E0877,2025-09-11,D006
E0878,2021-10-14,D009
E0879,2019-11-02,D001
E0880,2022-01-21,D003
E0881,2022-09-04,D007
E0882,2019-05-04,D005
E0883,2019-01-26,D009
E0884,2022-04-07,D006
E0885,2023-03-06,D005
E0886,2024-04-09,D001
E0887,2024-06-20,D005
E0888,2019-09-17,D007
E0889,2024-03-30,D007
E0890,2019-04-03,D002
E0891,2021-06-24,D001
E0892,2020-12-10,D002
E0893,2019-04-08,D010
E0894,2021-11-12,D006
E0895,2025-01-23,D006
E0896,2020-01-21,D005
E0897,2022-11-17,D002
E0898,2024-06-15,D007
E0899,2020-06-01,D002
E0900,2022-06-04,D001
E0901,2022-04-29,D007
E0902,2022-07-21,D005
E0903,2025-08-05,D005
E0904,2024-08-09,D002
E0905,2022-04-07,D007
E0906,2020-02-06,D009
E0907,2024-03-25,D002
E0908,2025-05-13,D002
E0909,2022-11-19,D007
E0910,2020-07-19,D007
E0911,2022-12-17,D005
E0912,2022-11-08,D006
E0913,2022-10-04,D003
E0914,2024-06-02,D009
E0915,2021-03-18,D001
E0916,2021-01-06,D005
E0917,2025-12-25,D001
E0918,2019-02-18,D006
E0919,2023-08-05,D010
E0920,2021-11-28,D005
E0921,2019-06-04,D004
E0922,2021-09-10,D006
E0923,2025-01-29,D009
E0924,2025-11-28,D006
E0925,2019-06-13,D004
E0926,2019-06-05,D003
E0927,2019-01-23,D006
E0928,2024-03-28,D001
E0929,2025-12-18,D004
E0930,2021-01-18,D009
E0931,2019-01-07,D010
E0932,2019-10-27,D009
E0933,2019-04-15,D006
E0934,2022-05-09,D001
E0935,2019-07-03,D004
E0936,2021-11-23,D007
E0937,2022-02-27,D005
E0938,2023-10-25,D002
E0939,2025-10-17,D005
E0940,2020-05-13,D005
E0941,2024-09-27,D010
E0942,2023-01-25,D004
E0943,2023-01-01,D001
E0944,2019-10-15,D005
E0945,2023-06-15,D007
E0946,2022-04-14,D003
E0947,2020-12-12,D009
E0948,2021-04-11,D007
E0949,2023-03-09,D006
E0950,2019-12-21,D007
E0951,2025-10-02,D009
E0952,2021-02-14,D002
E0953,2021-07-20,D007
E0954,2020-05-01,D009
E0955,2023-05-27,D009
E0956,2019-10-18,D004
E0957,2019-10-17,D007
E0958,2019-09-22,D002
E0959,2025-08-04,D008
E0960,2023-03-22,D002
E0961,2025-07-30,D002
E0962,2025-06-05,D005
E0963,2020-04-05,D001
E0964,2024-12-27,D009
E0965,2024-12-12,D007
E0966,2024-02-02,D002
E0967,2021-10-01,D001
E0968,2019-03-17,D004
E0969,2019-01-29,D003
E0970,2022-03-22,D005
E0971,2022-05-17,D008
E0972,2023-03-01,D007
E0973,2020-01-03,D009
E0974,2024-01-17,D003
E0975,2020-03-29,D001
E0976,2020-02-18,D007
E0977,2022-04-17,D003
E0978,2023-05-13,D001
E0979,2020-04-17,D008
E0980,2024-08-03,D010
E0981,2023-05-20,D006
E0982,2019-02-19,D003
E0983,2023-05-23,D010
E0984,2020-04-30,D004
E0985,2021-02-01,D001
E0986,2024-04-30,D001
E0987,2019-03-20,D006
E0988,2022-06-26,D006
E0989,2022-11-16,D003
E0990,2022-01-05,D002
E0991,2019-01-04,D010
E0992,2024-11-25,D003
E0993,2023-06-23,D001
E0994,2020-06-10,D006
E0995,2019-09-22,D002
E0996,2021-06-13,D004
E0997,2022-08-22,D006
E0998,2023-04-18,D007
E0999,2022-11-30,D004
E1000,2022-05-14,D007
