EmployeeID,EventDate,EventType,OldValue,NewValue
E0004,2019-07-16,Promotion,JL4,JL5
E0004,2020-03-03,Promotion,JL5,JL6
E0004,2020-08-27,Promotion,JL6,JL6
E0004,2022-01-24,Promotion,JL6,JL6
E0005,2024-12-08,DepartmentChange,D001,D004
E0007,2025-08-21,Promotion,JL3,JL4
E0008,2024-02-09,DepartmentChange,D008,D003
E0008,2024-03-31,Promotion,JL2,JL3
E0009,2023-07-04,Promotion,JL3,JL4
E0009,2024-05-26,Promotion,JL4,JL5
E0011,2024-05-12,DepartmentChange,D002,D007
E0011,2024-12-01,JobLevelChange,JL2,JL1
E0011,2025-04-28,Promotion,JL1,JL2
E0012,2020-03-17,DepartmentChange,D004,D001
E0013,2022-11-01,JobLevelChange,JL3,JL1
E0013,2023-09-24,Promotion,JL1,JL2
E0015,2020-11-07,Promotion,JL6,JL6
E0015,2021-09-27,Promotion,JL6,JL6
E0015,2023-02-27,Promotion,JL6,JL6
E0015,2023-09-11,DepartmentChange,D006,D010
E0015,2024-03-11,JobLevelChange,JL6,JL1
E0018,2022-02-01,JobLevelChange,JL2,JL1
E0018,2022-06-29,JobLevelChange,JL1,JL4
E0018,2023-09-19,DepartmentChange,D007,D008
E0018,2024-12-19,DepartmentChange,D008,D001
E0019,2024-08-27,DepartmentChange,D008,D006
E0019,2025-07-25,Promotion,JL1,JL2
E0020,2024-03-31,DepartmentChange,D001,D007
E0020,2024-06-11,JobLevelChange,JL4,JL1
E0022,2019-05-21,DepartmentChange,D009,D001
E0022,2019-12-08,JobLevelChange,JL5,JL5
E0023,2023-06-13,JobLevelChange,JL5,JL3
E0023,2024-08-01,Promotion,JL3,JL4
E0023,2025-10-17,DepartmentChange,D002,D004
E0024,2024-05-22,DepartmentChange,D006,D007
E0025,2025-06-07,Promotion,JL2,JL3
E0026,2022-04-21,JobLevelChange,JL2,JL1
E0026,2023-04-17,JobLevelChange,JL1,JL5
E0027,2021-03-08,DepartmentChange,D009,D008
E0028,2021-09-14,DepartmentChange,D001,D006
E0028,2023-01-03,Promotion,JL1,JL2
E0028,2023-12-16,DepartmentChange,D006,D006
E0028,2025-04-17,DepartmentChange,D006,D007
E0029,2025-03-10,DepartmentChange,D006,D010
E0030,2025-06-04,JobLevelChange,JL4,JL6
E0031,2020-02-17,DepartmentChange,D002,D005
E0033,2025-08-22,JobLevelChange,JL1,JL4
E0034,2024-08-20,Promotion,JL1,JL2
E0035,2020-06-04,JobLevelChange,JL4,JL2
E0036,2022-07-01,JobLevelChange,JL1,JL6
E0036,2022-11-25,JobLevelChange,JL6,JL2
E0036,2023-03-26,DepartmentChange,D002,D009
E0038,2021-01-29,Promotion,JL6,JL6
E0038,2021-05-06,JobLevelChange,JL6,JL2
E0038,2022-08-10,Promotion,JL2,JL3
E0040,2020-12-26,JobLevelChange,JL2,JL3
E0040,2021-03-08,Promotion,JL3,JL4
E0040,2022-03-16,Promotion,JL4,JL5
E0042,2025-07-28,JobLevelChange,JL5,JL1
E0042,2025-10-22,DepartmentChange,D005,D006
E0043,2023-03-08,JobLevelChange,JL2,JL1
E0044,2025-01-25,Promotion,JL6,JL6
E0045,2023-04-18,DepartmentChange,D003,D004
E0046,2019-10-19,Promotion,JL1,JL2
E0048,2024-05-18,JobLevelChange,JL5,JL1
E0050,2021-01-11,JobLevelChange,JL1,JL1
E0050,2021-09-10,JobLevelChange,JL1,JL2
E0050,2022-12-26,JobLevelChange,JL2,JL3
E0050,2023-09-21,Promotion,JL3,JL4
E0050,2024-05-14,Promotion,JL4,JL5
E0051,2024-11-30,DepartmentChange,D003,D006
E0051,2025-12-31,Promotion,JL3,JL4
E0052,2022-11-15,JobLevelChange,JL4,JL6
E0053,2022-05-08,DepartmentChange,D007,D007
E0053,2023-05-23,JobLevelChange,JL5,JL6
E0053,2024-09-14,DepartmentChange,D007,D003
E0053,2025-11-09,DepartmentChange,D003,D008
E0054,2025-02-11,DepartmentChange,D003,D007
E0056,2025-04-12,Promotion,JL5,JL6
E0056,2025-08-06,DepartmentChange,D002,D010
E0057,2024-10-10,Promotion,JL6,JL6
E0057,2024-11-16,DepartmentChange,D008,D006
E0059,2020-09-19,DepartmentChange,D010,D001
E0059,2022-02-11,Promotion,JL3,JL4
E0059,2023-09-04,Promotion,JL4,JL5
E0060,2020-01-11,DepartmentChange,D006,D005
E0061,2024-09-22,DepartmentChange,D007,D010
E0061,2024-12-01,JobLevelChange,JL4,JL1
E0063,2023-11-27,DepartmentChange,D002,D006
E0065,2020-11-06,JobLevelChange,JL1,JL4
E0065,2021-07-12,Promotion,JL4,JL5
E0065,2022-09-06,Promotion,JL5,JL6
E0065,2024-01-25,JobLevelChange,JL6,JL5
E0066,2024-12-14,JobLevelChange,JL1,JL5
E0066,2025-10-13,JobLevelChange,JL5,JL1
E0067,2023-04-29,DepartmentChange,D001,D002
E0067,2024-08-16,JobLevelChange,JL5,JL3
E0067,2025-08-25,JobLevelChange,JL3,JL2
E0068,2019-11-06,DepartmentChange,D009,D007
E0068,2020-12-03,JobLevelChange,JL6,JL5
E0068,2021-12-11,Promotion,JL5,JL6
E0068,2022-09-24,Promotion,JL6,JL6
E0070,2025-11-17,JobLevelChange,JL3,JL5
E0071,2020-12-15,DepartmentChange,D001,D003
E0071,2022-03-09,JobLevelChange,JL5,JL2
E0071,2022-11-08,DepartmentChange,D003,D001
E0073,2025-03-11,DepartmentChange,D008,D001
E0075,2021-08-02,JobLevelChange,JL5,JL4
E0075,2022-01-23,DepartmentChange,D008,D009
E0076,2020-12-25,Promotion,JL5,JL6
E0076,2021-10-22,JobLevelChange,JL6,JL2
E0076,2022-06-03,Promotion,JL2,JL3
E0077,2025-06-21,DepartmentChange,D001,D008
E0079,2020-11-07,Promotion,JL1,JL2
E0079,2020-12-21,DepartmentChange,D003,D007
E0079,2021-04-04,Promotion,JL2,JL3
E0079,2021-05-12,Promotion,JL3,JL4
E0079,2021-06-01,JobLevelChange,JL4,JL3
E0080,2023-05-05,Promotion,JL2,JL3
E0081,2023-01-02,DepartmentChange,D001,D010
E0081,2023-01-24,Promotion,JL6,JL6
E0081,2023-01-28,JobLevelChange,JL6,JL1
E0081,2023-03-20,DepartmentChange,D010,D006
E0082,2023-08-14,Promotion,JL3,JL4
E0083,2022-06-06,JobLevelChange,JL6,JL1
E0083,2023-04-12,DepartmentChange,D010,D006
E0083,2023-08-19,JobLevelChange,JL1,JL6
E0083,2023-09-23,Promotion,JL6,JL6
E0084,2020-04-21,Promotion,JL2,JL3
E0084,2020-07-04,Promotion,JL3,JL4
E0084,2020-11-05,JobLevelChange,JL4,JL2
E0084,2021-03-07,JobLevelChange,JL2,JL2
E0087,2020-11-03,Promotion,JL1,JL2
E0087,2020-11-04,JobLevelChange,JL2,JL2
E0087,2020-11-12,DepartmentChange,D002,D001
E0087,2020-11-22,DepartmentChange,D001,D005
E0088,2021-11-24,Promotion,JL1,JL2
E0088,2022-01-07,DepartmentChange,D009,D002
E0088,2022-03-28,DepartmentChange,D002,D008
E0089,2020-08-23,Promotion,JL6,JL6
E0090,2021-11-02,Promotion,JL2,JL3
E0090,2022-07-20,Promotion,JL3,JL4
E0090,2023-07-11,JobLevelChange,JL4,JL6
E0090,2024-09-16,Promotion,JL6,JL6
E0090,2025-02-22,Promotion,JL6,JL6
E0091,2020-04-02,Promotion,JL5,JL6
E0091,2021-10-24,DepartmentChange,D006,D010
E0091,2023-03-30,JobLevelChange,JL6,JL3
E0091,2023-06-11,JobLevelChange,JL3,JL4
E0092,2021-05-04,DepartmentChange,D008,D007
E0092,2021-05-27,Promotion,JL4,JL5
E0092,2021-09-01,JobLevelChange,JL5,JL5
E0093,2023-08-07,Promotion,JL2,JL3
E0093,2025-02-04,DepartmentChange,D005,D003
E0093,2025-11-09,DepartmentChange,D003,D006
E0094,2019-08-25,Promotion,JL1,JL2
E0094,2021-03-26,JobLevelChange,JL2,JL3
E0095,2020-09-14,DepartmentChange,D004,D008
E0095,2021-05-26,JobLevelChange,JL4,JL1
E0095,2022-11-12,Promotion,JL1,JL2
E0095,2023-06-09,Promotion,JL2,JL3
E0096,2021-10-02,Promotion,JL2,JL3
E0096,2023-01-30,Promotion,JL3,JL4
E0096,2024-03-31,Promotion,JL4,JL5
E0097,2022-06-09,JobLevelChange,JL3,JL1
E0097,2023-02-24,DepartmentChange,D009,D002
E0099,2021-04-17,DepartmentChange,D006,D007
E0099,2021-05-20,JobLevelChange,JL5,JL6
E0099,2021-05-27,DepartmentChange,D007,D007
E0099,2021-06-20,DepartmentChange,D007,D002
E0099,2021-07-07,DepartmentChange,D002,D010
E0102,2022-07-06,Promotion,JL1,JL2
E0102,2023-12-14,DepartmentChange,D002,D008
E0103,2020-12-05,DepartmentChange,D010,D003
E0103,2022-05-04,Promotion,JL6,JL6
E0103,2023-09-13,DepartmentChange,D003,D008
E0104,2025-09-20,DepartmentChange,D007,D001
E0105,2019-09-22,DepartmentChange,D001,D001
E0105,2021-04-08,JobLevelChange,JL2,JL5
E0105,2022-10-02,JobLevelChange,JL5,JL3
E0107,2024-01-02,DepartmentChange,D003,D004
E0108,2023-11-15,JobLevelChange,JL1,JL2
E0111,2025-08-24,Promotion,JL4,JL5
E0112,2025-03-03,Promotion,JL1,JL2
E0113,2022-03-29,DepartmentChange,D001,D005
E0115,2019-08-21,DepartmentChange,D009,D003
E0115,2020-03-18,DepartmentChange,D003,D006
E0115,2021-06-17,Promotion,JL3,JL4
E0115,2022-08-05,DepartmentChange,D006,D005
E0115,2023-06-19,DepartmentChange,D005,D007
E0116,2023-02-10,DepartmentChange,D006,D006
E0117,2022-09-27,DepartmentChange,D009,D008
E0117,2022-12-26,Promotion,JL3,JL4
E0117,2023-07-09,JobLevelChange,JL4,JL6
E0117,2024-12-24,JobLevelChange,JL6,JL6
E0118,2020-02-21,JobLevelChange,JL4,JL3
E0118,2020-06-06,Promotion,JL3,JL4
E0118,2020-11-02,JobLevelChange,JL4,JL6
E0119,2023-10-26,Promotion,JL5,JL6
E0119,2023-10-30,Promotion,JL6,JL6
E0119,2023-12-31,Promotion,JL6,JL6
E0121,2025-11-30,JobLevelChange,JL2,JL4
E0122,2021-05-25,Promotion,JL3,JL4
E0122,2021-09-25,DepartmentChange,D005,D007
E0124,2021-10-05,Promotion,JL4,JL5
E0124,2022-11-21,DepartmentChange,D004,D002
E0125,2021-03-21,DepartmentChange,D006,D007
E0126,2025-03-15,Promotion,JL3,JL4
E0129,2025-11-08,JobLevelChange,JL2,JL2
E0130,2020-10-12,Promotion,JL3,JL4
E0130,2020-12-17,JobLevelChange,JL4,JL2
E0130,2021-03-03,DepartmentChange,D008,D002
E0130,2022-05-31,Promotion,JL2,JL3
E0131,2025-07-18,DepartmentChange,D002,D002
E0134,2019-09-13,DepartmentChange,D008,D007
E0135,2025-10-21,Promotion,JL4,JL5
E0136,2024-09-03,Promotion,JL4,JL5
E0136,2025-02-14,Promotion,JL5,JL6
E0136,2025-11-07,Promotion,JL6,JL6
E0137,2021-02-01,Promotion,JL2,JL3
E0137,2022-05-15,JobLevelChange,JL3,JL5
E0137,2022-10-05,Promotion,JL5,JL6
E0137,2023-10-26,JobLevelChange,JL6,JL4
E0137,2025-02-20,JobLevelChange,JL4,JL1
E0139,2023-04-25,Promotion,JL3,JL4
E0140,2023-11-12,Promotion,JL6,JL6
E0140,2023-12-23,JobLevelChange,JL6,JL2
E0140,2024-08-04,JobLevelChange,JL2,JL6
E0141,2021-02-12,JobLevelChange,JL1,JL6
E0141,2021-07-14,DepartmentChange,D006,D008
E0141,2022-07-12,Promotion,JL6,JL6
E0141,2022-08-14,DepartmentChange,D008,D008
E0143,2025-01-26,Promotion,JL3,JL4
E0144,2023-02-14,Promotion,JL3,JL4
E0144,2024-02-15,JobLevelChange,JL4,JL1
E0145,2023-02-11,Promotion,JL1,JL2
E0145,2024-06-14,Promotion,JL2,JL3
E0145,2025-02-20,JobLevelChange,JL3,JL5
E0149,2022-03-10,Promotion,JL5,JL6
E0149,2022-05-28,DepartmentChange,D003,D004
E0149,2023-06-02,JobLevelChange,JL6,JL3
E0150,2025-06-18,Promotion,JL2,JL3
E0152,2022-12-23,DepartmentChange,D005,D010
E0152,2023-12-15,JobLevelChange,JL6,JL5
E0153,2020-08-09,JobLevelChange,JL5,JL1
E0153,2020-12-23,JobLevelChange,JL1,JL3
E0153,2021-02-02,JobLevelChange,JL3,JL5
E0153,2021-02-03,DepartmentChange,D006,D003
E0154,2025-07-20,Promotion,JL3,JL4
E0156,2025-11-03,Promotion,JL4,JL5
E0158,2022-09-04,JobLevelChange,JL1,JL4
E0158,2022-12-11,JobLevelChange,JL4,JL5
E0158,2023-03-04,JobLevelChange,JL5,JL4
E0158,2023-06-24,Promotion,JL4,JL5
E0160,2025-05-25,DepartmentChange,D002,D008
E0163,2023-06-20,DepartmentChange,D003,D004
E0163,2024-01-13,Promotion,JL6,JL6
E0163,2024-07-06,DepartmentChange,D004,D009
E0163,2025-04-04,Promotion,JL6,JL6
E0164,2024-02-15,JobLevelChange,JL3,JL4
E0166,2021-11-25,Promotion,JL2,JL3
E0169,2020-05-27,Promotion,JL2,JL3
E0169,2021-08-22,DepartmentChange,D001,D001
E0170,2024-08-15,JobLevelChange,JL4,JL4
E0170,2025-11-30,JobLevelChange,JL4,JL6
E0171,2021-01-31,DepartmentChange,D009,D009
E0171,2022-08-17,DepartmentChange,D009,D008
E0171,2023-03-01,DepartmentChange,D008,D005
E0175,2020-09-02,Promotion,JL5,JL6
E0175,2021-05-16,JobLevelChange,JL6,JL5
E0175,2022-12-12,DepartmentChange,D010,D003
E0176,2020-11-05,Promotion,JL5,JL6
E0176,2022-03-22,DepartmentChange,D006,D008
E0177,2019-07-03,DepartmentChange,D005,D008
E0177,2020-11-07,Promotion,JL4,JL5
E0177,2021-11-12,DepartmentChange,D008,D010
E0177,2023-01-08,Promotion,JL5,JL6
E0178,2024-03-15,Promotion,JL6,JL6
E0178,2025-09-13,JobLevelChange,JL6,JL1
E0179,2022-11-11,DepartmentChange,D002,D007
E0179,2022-11-20,JobLevelChange,JL4,JL2
E0183,2019-08-14,JobLevelChange,JL5,JL2
E0183,2021-02-28,DepartmentChange,D005,D006
E0183,2021-10-30,Promotion,JL2,JL3
E0183,2022-07-24,JobLevelChange,JL3,JL3
E0184,2022-04-24,Promotion,JL4,JL5
E0185,2024-06-14,Promotion,JL4,JL5
E0185,2024-11-17,Promotion,JL5,JL6
E0185,2025-10-14,DepartmentChange,D002,D005
E0186,2025-02-23,Promotion,JL5,JL6
E0188,2020-10-13,Promotion,JL5,JL6
E0188,2022-02-19,JobLevelChange,JL6,JL5
E0188,2022-11-20,JobLevelChange,JL5,JL2
E0190,2023-05-31,Promotion,JL4,JL5
E0190,2024-08-17,DepartmentChange,D007,D009
E0190,2025-07-04,DepartmentChange,D009,D004
E0192,2022-10-14,Promotion,JL6,JL6
E0193,2020-10-16,DepartmentChange,D009,D005
E0193,2022-05-15,Promotion,JL4,JL5
E0193,2023-03-22,DepartmentChange,D005,D006
E0193,2024-06-24,JobLevelChange,JL5,JL5
E0193,2024-12-09,JobLevelChange,JL5,JL4
E0195,2021-10-17,Promotion,JL5,JL6
E0195,2022-02-04,JobLevelChange,JL6,JL1
E0195,2022-08-27,JobLevelChange,JL1,JL6
E0195,2023-11-22,Promotion,JL6,JL6
E0195,2025-06-06,DepartmentChange,D008,D009
E0196,2023-12-16,Promotion,JL6,JL6
E0196,2024-11-08,DepartmentChange,D007,D003
E0196,2025-08-31,Promotion,JL6,JL6
E0197,2020-06-08,Promotion,JL4,JL5
E0197,2021-08-13,Promotion,JL5,JL6
E0197,2021-10-22,JobLevelChange,JL6,JL2
E0198,2019-05-21,JobLevelChange,JL3,JL6
E0198,2020-02-22,Promotion,JL6,JL6
E0198,2020-11-25,JobLevelChange,JL6,JL5
E0198,2021-09-28,DepartmentChange,D001,D010
E0198,2022-10-17,Promotion,JL5,JL6
E0199,2024-11-28,Promotion,JL4,JL5
E0200,2020-08-09,JobLevelChange,JL6,JL4
E0200,2021-04-03,Promotion,JL4,JL5
E0200,2022-03-16,JobLevelChange,JL5,JL3
E0200,2022-05-20,DepartmentChange,D004,D001
E0201,2020-09-03,JobLevelChange,JL2,JL4
E0201,2022-03-22,JobLevelChange,JL4,JL6
E0201,2022-06-03,JobLevelChange,JL6,JL5
E0201,2023-03-20,JobLevelChange,JL5,JL2
E0201,2023-11-29,DepartmentChange,D002,D009
E0202,2021-03-24,JobLevelChange,JL2,JL2
E0202,2021-12-20,JobLevelChange,JL2,JL3
E0202,2023-08-05,DepartmentChange,D006,D010
E0204,2023-05-20,Promotion,JL3,JL4
E0206,2024-01-16,DepartmentChange,D005,D001
E0206,2025-03-22,Promotion,JL2,JL3
E0207,2022-11-03,DepartmentChange,D007,D009
E0207,2023-07-01,DepartmentChange,D009,D004
E0207,2023-07-28,Promotion,JL1,JL2
E0208,2021-02-19,JobLevelChange,JL5,JL6
E0208,2021-10-20,DepartmentChange,D004,D001
E0209,2025-04-28,Promotion,JL5,JL6
E0210,2023-08-24,Promotion,JL2,JL3
E0211,2022-10-01,Promotion,JL5,JL6
E0211,2022-11-12,DepartmentChange,D008,D007
E0211,2023-10-08,DepartmentChange,D007,D004
E0211,2023-12-10,JobLevelChange,JL6,JL3
E0212,2023-08-14,Promotion,JL1,JL2
E0212,2024-11-11,DepartmentChange,D010,D005
E0212,2025-06-20,JobLevelChange,JL2,JL4
E0214,2024-04-20,Promotion,JL4,JL5
E0215,2022-02-19,DepartmentChange,D001,D008
E0215,2022-11-01,Promotion,JL1,JL2
E0215,2023-05-21,Promotion,JL2,JL3
E0216,2023-06-22,DepartmentChange,D003,D005
E0216,2023-07-08,DepartmentChange,D005,D003
E0217,2022-03-27,JobLevelChange,JL1,JL6
E0217,2022-10-31,Promotion,JL6,JL6
E0217,2023-11-13,Promotion,JL6,JL6
E0218,2021-06-06,JobLevelChange,JL6,JL1
E0218,2022-01-06,DepartmentChange,D009,D008
E0218,2022-07-06,JobLevelChange,JL1,JL2
E0218,2023-12-16,DepartmentChange,D008,D007
E0218,2024-02-09,DepartmentChange,D007,D007
E0220,2025-09-13,JobLevelChange,JL6,JL3
E0221,2021-08-29,DepartmentChange,D001,D009
E0221,2023-02-16,JobLevelChange,JL3,JL4
E0221,2023-04-12,JobLevelChange,JL4,JL3
E0221,2024-02-05,DepartmentChange,D009,D003
E0221,2024-07-04,Promotion,JL3,JL4
E0223,2023-03-01,DepartmentChange,D004,D009
E0223,2024-03-31,Promotion,JL1,JL2
E0223,2024-09-17,Promotion,JL2,JL3
E0223,2024-12-12,JobLevelChange,JL3,JL3
E0223,2025-08-03,DepartmentChange,D009,D005
E0225,2021-02-17,Promotion,JL1,JL2
E0226,2020-03-28,JobLevelChange,JL4,JL1
E0226,2020-06-29,DepartmentChange,D007,D002
E0228,2025-09-03,Promotion,JL1,JL2
E0229,2024-12-16,Promotion,JL3,JL4
E0232,2024-04-11,DepartmentChange,D003,D009
E0232,2024-08-28,JobLevelChange,JL2,JL6
E0232,2025-01-23,DepartmentChange,D009,D002
E0232,2025-06-09,Promotion,JL6,JL6
E0234,2020-12-04,DepartmentChange,D006,D003
E0234,2022-05-15,Promotion,JL2,JL3
E0234,2022-10-01,Promotion,JL3,JL4
E0234,2022-12-10,Promotion,JL4,JL5
E0234,2023-10-08,Promotion,JL5,JL6
E0235,2020-07-24,JobLevelChange,JL2,JL3
E0235,2021-03-16,DepartmentChange,D008,D002
E0238,2024-09-22,JobLevelChange,JL4,JL6
E0239,2019-06-01,JobLevelChange,JL2,JL5
E0239,2019-06-11,JobLevelChange,JL5,JL2
E0239,2019-06-14,DepartmentChange,D006,D007
E0239,2019-07-27,Promotion,JL2,JL3
E0239,2019-08-22,Promotion,JL3,JL4
E0241,2021-09-14,DepartmentChange,D008,D007
E0241,2022-04-16,JobLevelChange,JL4,JL2
E0241,2023-04-07,DepartmentChange,D007,D002
E0241,2023-12-17,JobLevelChange,JL2,JL4
E0243,2025-01-20,JobLevelChange,JL1,JL6
E0244,2023-07-08,Promotion,JL2,JL3
E0244,2024-03-10,JobLevelChange,JL3,JL2
E0244,2025-03-27,Promotion,JL2,JL3
E0244,2025-10-24,DepartmentChange,D007,D003
E0245,2022-02-19,JobLevelChange,JL3,JL3
E0246,2019-12-09,Promotion,JL5,JL6
E0248,2024-03-05,JobLevelChange,JL6,JL3
E0248,2025-05-08,JobLevelChange,JL3,JL4
E0248,2025-11-02,Promotion,JL4,JL5
E0249,2023-07-03,Promotion,JL2,JL3
E0249,2024-11-01,DepartmentChange,D001,D010
E0249,2025-04-12,DepartmentChange,D010,D006
E0250,2025-10-31,DepartmentChange,D002,D010
E0251,2024-09-19,Promotion,JL6,JL6
E0251,2024-09-25,DepartmentChange,D001,D008
E0251,2024-10-03,DepartmentChange,D008,D010
E0252,2022-04-18,DepartmentChange,D002,D008
E0252,2023-10-13,DepartmentChange,D008,D010
E0253,2024-07-23,DepartmentChange,D009,D005
E0253,2025-11-23,DepartmentChange,D005,D003
E0254,2024-07-10,DepartmentChange,D001,D009
E0255,2021-12-25,JobLevelChange,JL2,JL5
E0255,2022-03-29,JobLevelChange,JL5,JL5
E0255,2022-06-25,Promotion,JL5,JL6
E0255,2022-07-28,JobLevelChange,JL6,JL2
E0255,2022-10-05,DepartmentChange,D005,D008
E0256,2023-01-08,Promotion,JL5,JL6
E0256,2024-02-23,Promotion,JL6,JL6
E0257,2023-06-09,Promotion,JL2,JL3
E0258,2022-03-07,DepartmentChange,D007,D001
E0258,2023-09-08,DepartmentChange,D001,D008
E0258,2024-04-24,DepartmentChange,D008,D009
E0258,2025-03-20,Promotion,JL5,JL6
E0259,2021-04-05,JobLevelChange,JL6,JL5
E0259,2021-09-18,JobLevelChange,JL5,JL1
E0259,2022-07-12,DepartmentChange,D003,D001
E0259,2024-03-03,Promotion,JL1,JL2
E0260,2024-05-15,JobLevelChange,JL2,JL4
E0261,2023-12-12,DepartmentChange,D010,D003
E0261,2024-09-26,JobLevelChange,JL1,JL3
E0261,2024-11-06,DepartmentChange,D003,D004
E0262,2025-05-03,JobLevelChange,JL2,JL6
E0264,2025-09-30,JobLevelChange,JL4,JL4
E0265,2021-07-05,Promotion,JL3,JL4
E0266,2024-04-22,Promotion,JL2,JL3
E0266,2025-05-14,JobLevelChange,JL3,JL2
E0267,2021-02-22,DepartmentChange,D001,D003
E0267,2022-03-12,Promotion,JL2,JL3
E0267,2022-12-23,Promotion,JL3,JL4
E0267,2023-02-01,DepartmentChange,D003,D009
E0268,2025-07-08,DepartmentChange,D003,D003
E0268,2025-10-02,JobLevelChange,JL5,JL2
E0269,2024-12-13,JobLevelChange,JL3,JL2
E0270,2021-10-09,DepartmentChange,D007,D006
E0273,2021-07-20,JobLevelChange,JL3,JL4
E0273,2022-05-17,Promotion,JL4,JL5
E0273,2023-09-13,JobLevelChange,JL5,JL1
E0273,2023-10-20,JobLevelChange,JL1,JL5
E0274,2021-04-17,Promotion,JL6,JL6
E0274,2021-04-23,DepartmentChange,D003,D002
E0277,2023-05-28,JobLevelChange,JL6,JL2
E0278,2023-07-15,DepartmentChange,D002,D002
E0278,2023-10-15,JobLevelChange,JL3,JL5
E0278,2024-08-16,JobLevelChange,JL5,JL5
E0279,2023-02-20,DepartmentChange,D006,D001
E0279,2024-08-25,Promotion,JL6,JL6
E0279,2025-05-21,Promotion,JL6,JL6
E0279,2025-09-10,Promotion,JL6,JL6
E0279,2025-10-26,DepartmentChange,D001,D004
E0280,2021-12-19,DepartmentChange,D007,D007
E0280,2023-03-21,DepartmentChange,D007,D006
E0280,2023-12-18,JobLevelChange,JL4,JL3
E0280,2024-09-08,DepartmentChange,D006,D001
E0282,2023-02-21,JobLevelChange,JL2,JL2
E0282,2023-04-08,JobLevelChange,JL2,JL3
E0282,2023-12-19,DepartmentChange,D008,D010
E0283,2020-07-16,DepartmentChange,D005,D002
E0283,2021-06-24,Promotion,JL1,JL2
E0283,2022-12-08,Promotion,JL2,JL3
E0284,2023-06-02,DepartmentChange,D009,D010
E0284,2023-06-19,DepartmentChange,D010,D010
E0284,2023-08-23,JobLevelChange,JL5,JL6
E0285,2024-12-20,JobLevelChange,JL4,JL2
E0285,2025-07-13,DepartmentChange,D009,D010
E0285,2025-11-11,JobLevelChange,JL2,JL5
E0287,2020-09-30,DepartmentChange,D007,D006
E0287,2021-01-11,DepartmentChange,D006,D006
E0287,2021-07-28,JobLevelChange,JL2,JL5
E0287,2022-02-25,DepartmentChange,D006,D002
E0287,2022-09-15,JobLevelChange,JL5,JL2
E0288,2022-09-08,Promotion,JL3,JL4
E0288,2023-12-25,Promotion,JL4,JL5
E0288,2024-08-05,DepartmentChange,D007,D003
E0288,2025-10-20,Promotion,JL5,JL6
E0289,2021-04-15,JobLevelChange,JL5,JL5
E0291,2020-06-27,JobLevelChange,JL3,JL6
E0291,2020-11-02,JobLevelChange,JL6,JL5
E0291,2021-02-27,JobLevelChange,JL5,JL4
E0291,2021-09-16,JobLevelChange,JL4,JL4
E0294,2019-12-05,JobLevelChange,JL4,JL5
E0294,2019-12-07,JobLevelChange,JL5,JL1
E0294,2020-01-17,DepartmentChange,D007,D008
E0294,2020-01-18,JobLevelChange,JL1,JL5
E0294,2020-01-21,DepartmentChange,D008,D008
E0298,2023-12-05,JobLevelChange,JL5,JL6
E0298,2025-02-06,Promotion,JL6,JL6
E0299,2024-11-27,DepartmentChange,D003,D010
E0299,2025-01-26,JobLevelChange,JL4,JL2
E0300,2024-12-17,DepartmentChange,D004,D002
E0301,2025-02-27,JobLevelChange,JL3,JL4
E0303,2022-01-05,Promotion,JL6,JL6
E0303,2022-11-25,DepartmentChange,D003,D005
E0303,2023-02-18,JobLevelChange,JL6,JL4
E0303,2023-05-19,Promotion,JL4,JL5
E0303,2024-07-16,Promotion,JL5,JL6
E0304,2024-05-20,Promotion,JL4,JL5
E0304,2024-12-21,DepartmentChange,D005,D002
E0305,2020-08-05,Promotion,JL1,JL2
E0305,2021-05-07,Promotion,JL2,JL3
E0305,2021-11-06,Promotion,JL3,JL4
E0305,2022-07-17,Promotion,JL4,JL5
E0305,2022-10-27,Promotion,JL5,JL6
E0307,2022-01-02,DepartmentChange,D004,D006
E0307,2023-04-04,DepartmentChange,D006,D007
E0307,2024-02-12,DepartmentChange,D007,D001
E0307,2025-05-13,JobLevelChange,JL1,JL2
E0308,2025-02-13,Promotion,JL2,JL3
E0309,2023-10-14,Promotion,JL4,JL5
E0309,2024-09-27,JobLevelChange,JL5,JL4
E0310,2021-03-05,DepartmentChange,D009,D003
E0310,2022-06-14,JobLevelChange,JL4,JL5
E0310,2023-01-07,JobLevelChange,JL5,JL1
E0310,2023-08-02,DepartmentChange,D003,D007
E0310,2024-03-04,DepartmentChange,D007,D003
E0311,2021-04-24,JobLevelChange,JL3,JL5
E0311,2022-05-21,DepartmentChange,D004,D010
E0311,2023-09-19,DepartmentChange,D010,D009
E0312,2023-07-04,JobLevelChange,JL6,JL3
E0312,2024-06-02,JobLevelChange,JL3,JL5
E0312,2025-06-30,DepartmentChange,D010,D001
E0312,2025-10-24,Promotion,JL5,JL6
E0314,2023-03-09,DepartmentChange,D008,D002
E0314,2024-07-13,JobLevelChange,JL3,JL4
E0314,2024-07-16,JobLevelChange,JL4,JL1
E0315,2023-05-01,DepartmentChange,D009,D005
E0315,2023-06-19,JobLevelChange,JL1,JL4
E0315,2023-09-30,Promotion,JL4,JL5
E0315,2023-10-31,Promotion,JL5,JL6
E0317,2023-09-21,DepartmentChange,D008,D007
E0319,2020-12-01,DepartmentChange,D001,D009
E0319,2021-05-25,DepartmentChange,D009,D003
E0319,2021-12-10,Promotion,JL5,JL6
E0319,2023-07-05,JobLevelChange,JL6,JL2
E0320,2025-11-20,Promotion,JL3,JL4
E0321,2020-07-24,DepartmentChange,D002,D006
E0321,2022-01-09,Promotion,JL4,JL5
E0321,2023-02-21,Promotion,JL5,JL6
E0323,2024-01-14,DepartmentChange,D002,D006
E0323,2024-11-19,JobLevelChange,JL2,JL1
E0324,2024-05-14,Promotion,JL4,JL5
E0325,2025-12-27,JobLevelChange,JL6,JL6
E0326,2021-03-27,Promotion,JL1,JL2
E0327,2021-10-22,DepartmentChange,D008,D002
E0327,2023-02-27,JobLevelChange,JL2,JL3
E0327,2024-07-22,DepartmentChange,D002,D006
E0327,2025-05-05,JobLevelChange,JL3,JL1
E0328,2025-10-07,Promotion,JL1,JL2
E0331,2024-01-04,JobLevelChange,JL6,JL2
E0331,2024-05-05,Promotion,JL2,JL3
E0333,2020-06-20,Promotion,JL4,JL5
E0333,2020-12-14,Promotion,JL5,JL6
E0333,2021-05-05,Promotion,JL6,JL6
E0333,2022-02-10,DepartmentChange,D007,D006
E0333,2022-07-09,JobLevelChange,JL6,JL6
E0334,2023-03-27,JobLevelChange,JL5,JL4
E0334,2023-11-30,JobLevelChange,JL4,JL3
E0334,2024-03-06,JobLevelChange,JL3,JL3
E0336,2019-11-15,JobLevelChange,JL4,JL4
E0336,2020-12-23,Promotion,JL4,JL5
E0337,2023-12-03,Promotion,JL4,JL5
E0337,2025-06-14,DepartmentChange,D008,D009
E0337,2025-09-09,Promotion,JL5,JL6
E0339,2019-10-21,Promotion,JL1,JL2
E0339,2020-10-21,DepartmentChange,D010,D009
E0339,2022-05-26,DepartmentChange,D009,D002
E0340,2024-01-01,Promotion,JL5,JL6
E0341,2024-11-25,Promotion,JL1,JL2
E0342,2023-07-11,Promotion,JL1,JL2
E0342,2024-06-12,JobLevelChange,JL2,JL3
E0342,2024-10-04,Promotion,JL3,JL4
E0345,2020-02-01,Promotion,JL2,JL3
E0345,2020-08-26,Promotion,JL3,JL4
E0345,2021-03-20,Promotion,JL4,JL5
E0345,2022-07-25,JobLevelChange,JL5,JL4
E0345,2023-06-16,JobLevelChange,JL4,JL4
E0347,2025-05-22,Promotion,JL1,JL2
E0347,2025-12-13,Promotion,JL2,JL3
E0348,2020-10-21,Promotion,JL6,JL6
E0348,2021-06-03,DepartmentChange,D010,D005
E0348,2022-12-21,Promotion,JL6,JL6
E0350,2022-11-18,JobLevelChange,JL6,JL5
E0351,2024-02-20,JobLevelChange,JL2,JL1
E0351,2024-08-25,JobLevelChange,JL1,JL4
E0351,2025-11-18,DepartmentChange,D001,D006
E0352,2020-01-22,DepartmentChange,D002,D007
E0352,2020-03-08,JobLevelChange,JL3,JL3
E0354,2023-11-09,Promotion,JL4,JL5
E0356,2023-07-02,JobLevelChange,JL1,JL5
E0356,2024-03-27,Promotion,JL5,JL6
E0356,2025-03-20,DepartmentChange,D009,D009
E0357,2023-12-11,JobLevelChange,JL5,JL6
E0358,2022-04-30,JobLevelChange,JL6,JL6
E0358,2023-03-05,Promotion,JL6,JL6
E0358,2023-08-06,DepartmentChange,D004,D009
E0358,2024-07-14,JobLevelChange,JL6,JL4
E0358,2024-10-06,DepartmentChange,D009,D001
E0359,2019-10-11,Promotion,JL1,JL2
E0359,2020-10-15,DepartmentChange,D006,D007
E0359,2021-09-30,Promotion,JL2,JL3
E0359,2023-02-11,DepartmentChange,D007,D008
E0361,2022-12-07,Promotion,JL2,JL3
E0361,2023-05-28,Promotion,JL3,JL4
E0361,2023-12-06,JobLevelChange,JL4,JL3
E0362,2023-07-29,JobLevelChange,JL4,JL1
E0362,2024-07-01,DepartmentChange,D001,D009
E0362,2025-01-09,DepartmentChange,D009,D009
E0364,2023-07-14,DepartmentChange,D009,D009
E0364,2023-11-13,Promotion,JL1,JL2
E0364,2024-01-02,Promotion,JL2,JL3
E0365,2024-10-15,JobLevelChange,JL2,JL1
E0365,2025-06-14,JobLevelChange,JL1,JL5
E0366,2021-09-03,JobLevelChange,JL6,JL5
E0366,2022-01-12,DepartmentChange,D009,D002
E0366,2022-04-14,JobLevelChange,JL5,JL6
E0367,2025-05-30,JobLevelChange,JL5,JL6
E0368,2023-11-24,Promotion,JL5,JL6
E0368,2024-11-09,Promotion,JL6,JL6
E0368,2025-08-11,JobLevelChange,JL6,JL2
E0370,2021-03-19,DepartmentChange,D004,D007
E0370,2022-09-03,DepartmentChange,D007,D004
E0370,2023-01-19,JobLevelChange,JL1,JL1
E0372,2020-04-06,DepartmentChange,D006,D007
E0372,2020-08-29,Promotion,JL5,JL6
E0373,2021-09-11,JobLevelChange,JL3,JL5
E0374,2023-04-12,JobLevelChange,JL1,JL3
E0374,2023-06-03,Promotion,JL3,JL4
E0374,2024-10-11,JobLevelChange,JL4,JL5
E0375,2022-02-13,Promotion,JL1,JL2
E0376,2020-01-17,Promotion,JL2,JL3
E0376,2020-06-05,DepartmentChange,D008,D006
E0377,2025-04-21,JobLevelChange,JL5,JL5
E0377,2025-11-01,Promotion,JL5,JL6
E0378,2021-03-14,DepartmentChange,D006,D002
E0378,2022-10-30,DepartmentChange,D002,D003
E0378,2024-04-22,JobLevelChange,JL2,JL1
E0379,2024-04-18,DepartmentChange,D005,D010
E0380,2025-09-03,Promotion,JL6,JL6
E0380,2025-10-17,JobLevelChange,JL6,JL2
E0381,2023-07-31,JobLevelChange,JL1,JL5
E0382,2019-08-16,Promotion,JL4,JL5
E0382,2019-09-05,Promotion,JL5,JL6
E0384,2023-01-16,DepartmentChange,D004,D006
E0384,2023-06-02,JobLevelChange,JL6,JL5
E0384,2024-01-23,DepartmentChange,D006,D010
E0386,2021-09-04,DepartmentChange,D003,D007
E0387,2025-08-26,Promotion,JL5,JL6
E0388,2023-12-17,DepartmentChange,D007,D007
E0389,2023-03-27,Promotion,JL1,JL2
E0389,2024-11-10,JobLevelChange,JL2,JL6
E0389,2025-09-25,JobLevelChange,JL6,JL4
E0390,2020-11-23,Promotion,JL1,JL2
E0390,2021-12-02,JobLevelChange,JL2,JL5
E0390,2022-04-09,DepartmentChange,D008,D001
E0391,2022-03-25,JobLevelChange,JL1,JL5
E0391,2023-11-01,JobLevelChange,JL5,JL3
E0391,2025-01-09,Promotion,JL3,JL4
E0391,2025-02-11,Promotion,JL4,JL5
E0394,2025-09-25,JobLevelChange,JL3,JL6
E0395,2024-11-14,JobLevelChange,JL4,JL1
E0396,2024-09-01,DepartmentChange,D004,D003
E0397,2021-07-13,Promotion,JL4,JL5
E0397,2021-12-02,DepartmentChange,D004,D009
E0398,2024-11-08,Promotion,JL4,JL5
E0399,2024-02-23,DepartmentChange,D003,D002
E0399,2024-05-19,JobLevelChange,JL1,JL4
E0401,2024-12-13,Promotion,JL1,JL2
E0402,2024-09-18,JobLevelChange,JL1,JL1
E0402,2025-03-17,Promotion,JL1,JL2
E0402,2025-04-25,DepartmentChange,D008,D004
E0403,2022-12-09,DepartmentChange,D005,D002
E0403,2023-06-26,JobLevelChange,JL1,JL1
E0403,2023-11-22,DepartmentChange,D002,D010
E0403,2025-05-27,JobLevelChange,JL1,JL6
E0404,2024-06-17,JobLevelChange,JL3,JL2
E0405,2024-03-12,Promotion,JL1,JL2
E0405,2025-07-11,JobLevelChange,JL2,JL2
E0406,2023-06-21,DepartmentChange,D009,D008
E0408,2020-09-11,DepartmentChange,D003,D001
E0408,2022-01-11,DepartmentChange,D001,D009
E0408,2023-02-12,DepartmentChange,D009,D002
E0409,2021-05-20,DepartmentChange,D009,D005
E0409,2022-05-01,JobLevelChange,JL6,JL3
E0409,2023-06-20,JobLevelChange,JL3,JL2
E0410,2023-03-06,DepartmentChange,D005,D008
E0410,2023-12-21,Promotion,JL1,JL2
E0410,2025-07-13,Promotion,JL2,JL3
E0411,2022-01-28,JobLevelChange,JL2,JL6
E0411,2022-04-13,Promotion,JL6,JL6
E0412,2019-06-04,Promotion,JL5,JL6
E0412,2020-04-14,Promotion,JL6,JL6
E0413,2023-04-13,DepartmentChange,D006,D004
E0415,2022-03-29,JobLevelChange,JL4,JL4
E0415,2023-04-29,JobLevelChange,JL4,JL3
E0415,2024-02-29,Promotion,JL3,JL4
E0415,2024-11-11,Promotion,JL4,JL5
E0417,2025-05-15,DepartmentChange,D005,D001
E0418,2022-09-28,Promotion,JL6,JL6
E0418,2022-11-20,DepartmentChange,D010,D004
E0418,2023-04-30,JobLevelChange,JL6,JL1
E0418,2023-07-18,DepartmentChange,D004,D001
E0419,2020-06-17,DepartmentChange,D008,D003
E0419,2021-05-13,JobLevelChange,JL5,JL5
E0419,2022-07-21,DepartmentChange,D003,D002
E0419,2024-02-17,JobLevelChange,JL5,JL4
E0420,2021-10-30,JobLevelChange,JL3,JL4
E0420,2021-12-24,Promotion,JL4,JL5
E0420,2023-05-27,JobLevelChange,JL5,JL5
E0420,2024-01-30,JobLevelChange,JL5,JL1
E0421,2024-10-28,Promotion,JL1,JL2
E0422,2022-11-20,Promotion,JL4,JL5
E0423,2020-05-09,Promotion,JL4,JL5
E0424,2024-06-08,JobLevelChange,JL3,JL3
E0424,2025-02-15,JobLevelChange,JL3,JL3
E0425,2020-06-03,DepartmentChange,D004,D002
E0425,2021-07-30,Promotion,JL4,JL5
E0425,2022-11-05,Promotion,JL5,JL6
E0426,2023-07-27,DepartmentChange,D004,D003
E0426,2023-11-08,Promotion,JL5,JL6
E0426,2024-11-14,Promotion,JL6,JL6
E0427,2020-07-08,DepartmentChange,D010,D004
E0427,2020-07-30,Promotion,JL1,JL2
E0427,2020-08-04,DepartmentChange,D004,D004
E0427,2020-08-28,DepartmentChange,D004,D007
E0427,2020-10-10,Promotion,JL2,JL3
E0428,2025-11-21,Promotion,JL4,JL5
E0429,2022-10-18,DepartmentChange,D004,D001
E0429,2023-04-24,DepartmentChange,D001,D010
E0429,2023-10-19,DepartmentChange,D010,D001
E0430,2022-03-22,Promotion,JL3,JL4
E0430,2022-07-18,JobLevelChange,JL4,JL2
E0430,2024-01-01,Promotion,JL2,JL3
E0430,2024-02-13,Promotion,JL3,JL4
E0430,2025-07-11,JobLevelChange,JL4,JL1
E0432,2022-03-22,JobLevelChange,JL3,JL5
E0432,2023-01-08,Promotion,JL5,JL6
E0432,2024-05-15,Promotion,JL6,JL6
E0433,2019-09-10,JobLevelChange,JL1,JL3
E0434,2025-03-16,Promotion,JL4,JL5
E0436,2021-02-18,Promotion,JL2,JL3
E0438,2022-06-30,DepartmentChange,D006,D002
E0438,2022-10-01,JobLevelChange,JL6,JL4
E0438,2023-02-14,DepartmentChange,D002,D005
E0438,2023-06-30,Promotion,JL4,JL5
E0438,2024-10-14,JobLevelChange,JL5,JL1
E0440,2020-02-23,DepartmentChange,D008,D009
E0440,2020-05-07,DepartmentChange,D009,D002
E0440,2021-01-28,JobLevelChange,JL4,JL4
E0441,2022-12-08,DepartmentChange,D005,D005
E0441,2023-12-22,Promotion,JL1,JL2
E0441,2025-06-20,JobLevelChange,JL2,JL6
E0442,2025-10-22,Promotion,JL1,JL2
E0443,2023-12-18,DepartmentChange,D009,D003
E0443,2025-03-08,JobLevelChange,JL1,JL6
E0443,2025-08-23,JobLevelChange,JL6,JL2
E0443,2025-09-24,Promotion,JL2,JL3
E0444,2024-06-05,DepartmentChange,D002,D001
E0444,2025-10-17,DepartmentChange,D001,D008
E0445,2021-06-26,Promotion,JL3,JL4
E0445,2022-06-17,DepartmentChange,D006,D001
E0445,2023-09-30,JobLevelChange,JL4,JL5
E0446,2023-09-02,Promotion,JL6,JL6
E0446,2025-01-20,Promotion,JL6,JL6
E0447,2019-04-14,Promotion,JL2,JL3
E0447,2020-04-07,JobLevelChange,JL3,JL4
E0447,2020-09-15,DepartmentChange,D001,D004
E0447,2021-10-21,JobLevelChange,JL4,JL6
E0447,2022-03-25,DepartmentChange,D004,D002
E0451,2023-06-22,Promotion,JL2,JL3
E0454,2023-10-09,DepartmentChange,D008,D001
E0454,2024-02-01,Promotion,JL2,JL3
E0454,2025-09-18,JobLevelChange,JL3,JL6
E0455,2024-12-03,DepartmentChange,D007,D002
E0455,2025-01-25,DepartmentChange,D002,D006
E0458,2019-08-11,Promotion,JL2,JL3
E0458,2020-12-17,Promotion,JL3,JL4
E0459,2025-01-23,JobLevelChange,JL5,JL6
E0459,2025-08-08,DepartmentChange,D009,D005
E0461,2022-10-04,DepartmentChange,D009,D002
E0461,2024-03-03,JobLevelChange,JL4,JL5
E0461,2024-05-12,JobLevelChange,JL5,JL4
E0461,2025-10-28,DepartmentChange,D002,D004
E0462,2021-12-25,DepartmentChange,D002,D002
E0462,2022-04-29,Promotion,JL2,JL3
E0462,2023-09-08,JobLevelChange,JL3,JL2
E0462,2024-12-30,DepartmentChange,D002,D004
E0463,2021-09-21,Promotion,JL5,JL6
E0463,2022-11-15,Promotion,JL6,JL6
E0463,2023-04-18,DepartmentChange,D003,D004
E0463,2024-09-07,Promotion,JL6,JL6
E0464,2022-01-28,JobLevelChange,JL6,JL2
E0464,2022-04-08,Promotion,JL2,JL3
E0464,2022-10-15,DepartmentChange,D002,D007
E0466,2022-07-03,Promotion,JL3,JL4
E0466,2023-07-10,JobLevelChange,JL4,JL5
E0466,2024-03-01,Promotion,JL5,JL6
E0467,2022-11-01,JobLevelChange,JL3,JL1
E0467,2023-05-05,Promotion,JL1,JL2
E0467,2023-06-28,DepartmentChange,D004,D008
E0469,2021-06-19,DepartmentChange,D009,D001
E0470,2019-10-16,DepartmentChange,D009,D002
E0470,2020-02-17,DepartmentChange,D002,D004
E0470,2021-03-31,Promotion,JL5,JL6
E0470,2022-07-14,DepartmentChange,D004,D004
E0470,2022-09-25,JobLevelChange,JL6,JL2
E0471,2023-05-16,Promotion,JL4,JL5
E0472,2021-05-21,JobLevelChange,JL3,JL6
E0472,2022-10-20,JobLevelChange,JL6,JL3
E0472,2024-03-26,JobLevelChange,JL3,JL1
E0472,2024-04-30,DepartmentChange,D002,D005
E0472,2024-10-20,DepartmentChange,D005,D008
E0475,2021-09-16,JobLevelChange,JL5,JL3
E0475,2023-03-17,Promotion,JL3,JL4
E0475,2024-03-31,JobLevelChange,JL4,JL2
E0475,2024-06-08,JobLevelChange,JL2,JL2
E0475,2025-03-24,Promotion,JL2,JL3
E0476,2024-09-01,Promotion,JL3,JL4
E0476,2025-07-14,Promotion,JL4,JL5
E0477,2021-10-07,Promotion,JL6,JL6
E0477,2022-05-27,JobLevelChange,JL6,JL5
E0477,2022-06-23,DepartmentChange,D010,D004
E0477,2022-06-24,DepartmentChange,D004,D005
E0479,2020-09-09,JobLevelChange,JL1,JL3
E0479,2022-02-15,DepartmentChange,D010,D005
E0479,2023-07-21,JobLevelChange,JL3,JL2
E0479,2024-10-23,Promotion,JL2,JL3
E0480,2024-11-19,JobLevelChange,JL4,JL4
E0481,2024-04-07,JobLevelChange,JL6,JL4
E0481,2025-02-05,JobLevelChange,JL4,JL5
E0482,2022-12-12,JobLevelChange,JL1,JL6
E0482,2023-05-17,JobLevelChange,JL6,JL2
E0482,2024-09-27,Promotion,JL2,JL3
E0483,2024-12-16,JobLevelChange,JL6,JL6
E0484,2022-04-07,JobLevelChange,JL2,JL2
E0486,2020-11-12,Promotion,JL2,JL3
E0486,2021-03-19,Promotion,JL3,JL4
E0486,2021-10-13,JobLevelChange,JL4,JL4
E0487,2023-01-03,JobLevelChange,JL4,JL3
E0487,2023-07-25,JobLevelChange,JL3,JL4
E0487,2024-03-28,Promotion,JL4,JL5
E0489,2021-12-25,DepartmentChange,D007,D010
E0490,2024-05-28,DepartmentChange,D001,D005
E0491,2023-11-16,JobLevelChange,JL6,JL5
E0491,2024-03-13,JobLevelChange,JL5,JL2
E0491,2025-10-13,Promotion,JL2,JL3
E0492,2024-06-02,Promotion,JL1,JL2
E0492,2025-07-06,DepartmentChange,D010,D008
E0493,2022-12-13,DepartmentChange,D004,D010
E0493,2023-03-28,JobLevelChange,JL2,JL2
E0493,2023-11-28,DepartmentChange,D010,D009
E0493,2025-01-11,Promotion,JL2,JL3
E0494,2024-05-03,DepartmentChange,D007,D006
E0494,2025-01-20,DepartmentChange,D006,D006
E0495,2024-08-02,Promotion,JL3,JL4
E0497,2022-09-22,DepartmentChange,D002,D006
E0497,2023-01-23,Promotion,JL5,JL6
E0498,2025-06-26,JobLevelChange,JL5,JL2
E0499,2024-03-22,DepartmentChange,D002,D002
E0499,2024-09-03,Promotion,JL2,JL3
E0499,2025-05-31,JobLevelChange,JL3,JL4
E0501,2024-07-18,Promotion,JL2,JL3
E0501,2024-09-05,Promotion,JL3,JL4
E0502,2022-08-01,DepartmentChange,D010,D005
E0502,2023-11-16,Promotion,JL5,JL6
E0502,2025-01-07,JobLevelChange,JL6,JL5
E0502,2025-10-08,DepartmentChange,D005,D008
E0503,2024-09-11,DepartmentChange,D004,D003
E0504,2020-10-01,Promotion,JL4,JL5
E0507,2021-06-06,JobLevelChange,JL3,JL2
E0509,2019-10-24,JobLevelChange,JL6,JL4
E0509,2020-09-17,Promotion,JL4,JL5
E0511,2024-12-12,DepartmentChange,D001,D006
E0511,2025-11-24,DepartmentChange,D006,D005
E0513,2023-08-23,Promotion,JL1,JL2
E0513,2024-06-18,DepartmentChange,D007,D004
E0513,2024-09-28,JobLevelChange,JL2,JL4
E0514,2021-08-30,Promotion,JL2,JL3
E0514,2022-10-24,DepartmentChange,D007,D009
E0514,2023-10-17,JobLevelChange,JL3,JL5
E0514,2023-11-22,DepartmentChange,D009,D001
E0515,2022-02-16,DepartmentChange,D006,D009
E0515,2023-07-18,JobLevelChange,JL1,JL4
E0515,2024-06-16,DepartmentChange,D009,D002
E0515,2025-01-26,DepartmentChange,D002,D002
E0517,2022-10-14,JobLevelChange,JL5,JL4
E0517,2022-12-25,JobLevelChange,JL4,JL5
E0517,2024-05-26,Promotion,JL5,JL6
E0517,2024-07-20,DepartmentChange,D006,D010
E0518,2019-10-30,Promotion,JL2,JL3
E0518,2020-09-18,JobLevelChange,JL3,JL4
E0518,2021-11-01,JobLevelChange,JL4,JL3
E0518,2022-07-07,DepartmentChange,D003,D010
E0518,2022-12-19,DepartmentChange,D010,D001
E0519,2024-11-18,DepartmentChange,D001,D003
E0520,2022-06-25,DepartmentChange,D005,D009
E0520,2022-08-29,JobLevelChange,JL1,JL1
E0520,2023-08-06,DepartmentChange,D009,D009
E0520,2025-03-24,Promotion,JL1,JL2
E0520,2025-04-09,Promotion,JL2,JL3
E0521,2023-06-21,JobLevelChange,JL1,JL1
E0521,2023-09-06,Promotion,JL1,JL2
E0521,2025-02-14,JobLevelChange,JL2,JL5
E0521,2025-12-28,Promotion,JL5,JL6
E0522,2023-08-13,JobLevelChange,JL1,JL5
E0522,2025-03-12,DepartmentChange,D009,D006
E0522,2025-07-04,Promotion,JL5,JL6
E0524,2024-04-30,DepartmentChange,D009,D008
E0525,2025-03-25,Promotion,JL4,JL5
E0526,2019-09-09,JobLevelChange,JL6,JL2
E0526,2020-08-07,Promotion,JL2,JL3
E0526,2020-12-22,Promotion,JL3,JL4
E0526,2022-02-24,JobLevelChange,JL4,JL2
E0526,2022-07-24,DepartmentChange,D002,D009
E0528,2023-10-11,Promotion,JL5,JL6
E0528,2025-02-26,Promotion,JL6,JL6
E0530,2024-09-28,DepartmentChange,D007,D007
E0530,2024-12-13,DepartmentChange,D007,D009
E0530,2025-01-17,Promotion,JL2,JL3
E0531,2020-09-24,JobLevelChange,JL2,JL4
E0531,2021-04-25,JobLevelChange,JL4,JL1
E0531,2021-09-25,DepartmentChange,D005,D010
E0531,2023-04-17,DepartmentChange,D010,D009
E0531,2024-03-24,DepartmentChange,D009,D003
E0532,2024-01-21,DepartmentChange,D007,D006
E0532,2025-05-13,JobLevelChange,JL6,JL2
E0532,2025-10-03,DepartmentChange,D006,D007
E0533,2024-09-29,DepartmentChange,D002,D001
E0534,2020-12-21,DepartmentChange,D002,D006
E0534,2022-03-17,JobLevelChange,JL6,JL6
E0534,2022-08-13,Promotion,JL6,JL6
E0534,2022-11-13,DepartmentChange,D006,D006
E0535,2025-04-20,JobLevelChange,JL3,JL5
E0536,2023-11-08,DepartmentChange,D004,D008
E0536,2025-03-11,Promotion,JL3,JL4
E0537,2019-08-11,JobLevelChange,JL2,JL6
E0537,2019-12-13,JobLevelChange,JL6,JL4
E0541,2025-04-18,JobLevelChange,JL5,JL3
E0542,2022-04-21,JobLevelChange,JL6,JL2
E0542,2022-12-29,Promotion,JL2,JL3
E0542,2024-04-09,JobLevelChange,JL3,JL2
E0542,2024-10-23,DepartmentChange,D002,D008
E0542,2025-06-03,JobLevelChange,JL2,JL5
E0544,2025-12-03,DepartmentChange,D002,D004
E0545,2023-03-21,JobLevelChange,JL6,JL4
E0545,2023-04-23,JobLevelChange,JL4,JL1
E0545,2023-05-06,Promotion,JL1,JL2
E0546,2020-08-11,Promotion,JL5,JL6
E0546,2022-04-01,Promotion,JL6,JL6
E0546,2023-06-06,Promotion,JL6,JL6
E0546,2023-07-30,Promotion,JL6,JL6
E0549,2021-04-26,DepartmentChange,D006,D009
E0549,2021-11-05,JobLevelChange,JL3,JL6
E0549,2022-07-26,JobLevelChange,JL6,JL5
E0550,2024-12-25,JobLevelChange,JL6,JL2
E0551,2024-08-29,DepartmentChange,D004,D002
E0552,2021-12-26,Promotion,JL2,JL3
E0552,2022-09-02,DepartmentChange,D010,D006
E0553,2020-12-18,JobLevelChange,JL1,JL6
E0555,2021-08-19,Promotion,JL1,JL2
E0555,2021-09-09,DepartmentChange,D002,D001
E0555,2021-10-08,DepartmentChange,D001,D001
E0555,2022-01-23,DepartmentChange,D001,D010
E0557,2021-05-01,DepartmentChange,D008,D008
E0557,2022-07-29,JobLevelChange,JL6,JL3
E0558,2020-10-14,JobLevelChange,JL6,JL3
E0558,2020-10-30,JobLevelChange,JL3,JL2
E0558,2020-11-12,Promotion,JL2,JL3
E0558,2020-11-26,Promotion,JL3,JL4
E0558,2020-11-27,DepartmentChange,D001,D006
E0561,2023-01-01,Promotion,JL4,JL5
E0561,2023-11-08,JobLevelChange,JL5,JL2
E0561,2023-11-24,Promotion,JL2,JL3
E0561,2024-02-20,Promotion,JL3,JL4
E0561,2024-04-26,DepartmentChange,D001,D009
E0562,2020-04-03,JobLevelChange,JL1,JL4
E0562,2021-11-10,DepartmentChange,D009,D002
E0562,2022-04-12,DepartmentChange,D002,D003
E0562,2022-07-25,JobLevelChange,JL4,JL5
E0562,2023-10-05,DepartmentChange,D003,D010
E0563,2019-05-29,DepartmentChange,D006,D006
E0565,2025-09-05,DepartmentChange,D007,D004
E0566,2019-10-07,DepartmentChange,D001,D008
E0566,2020-08-19,DepartmentChange,D008,D001
E0566,2022-04-02,Promotion,JL3,JL4
E0566,2022-10-30,JobLevelChange,JL4,JL3
E0568,2024-09-16,DepartmentChange,D001,D010
E0568,2025-05-27,DepartmentChange,D010,D010
E0569,2021-08-31,Promotion,JL5,JL6
E0569,2022-09-04,DepartmentChange,D006,D002
E0569,2022-11-04,Promotion,JL6,JL6
E0569,2022-12-17,Promotion,JL6,JL6
E0570,2021-04-11,Promotion,JL2,JL3
E0571,2022-10-10,Promotion,JL5,JL6
E0571,2024-05-23,DepartmentChange,D005,D004
E0571,2025-10-24,DepartmentChange,D004,D003
E0573,2023-05-05,Promotion,JL3,JL4
E0573,2023-07-02,Promotion,JL4,JL5
E0573,2023-11-16,JobLevelChange,JL5,JL3
E0573,2024-07-01,DepartmentChange,D004,D002
E0574,2025-05-02,JobLevelChange,JL1,JL4
E0576,2020-10-09,DepartmentChange,D007,D005
E0576,2021-04-16,JobLevelChange,JL6,JL3
E0577,2021-11-16,JobLevelChange,JL1,JL4
E0578,2019-07-27,JobLevelChange,JL2,JL2
E0578,2020-11-27,DepartmentChange,D003,D008
E0578,2021-08-02,Promotion,JL2,JL3
E0580,2025-03-04,Promotion,JL3,JL4
E0580,2025-06-29,Promotion,JL4,JL5
E0582,2020-06-14,DepartmentChange,D004,D010
E0582,2021-04-03,DepartmentChange,D010,D001
E0582,2022-11-05,DepartmentChange,D001,D007
E0582,2024-05-06,Promotion,JL6,JL6
E0582,2025-05-24,JobLevelChange,JL6,JL3
E0583,2021-03-22,Promotion,JL2,JL3
E0583,2021-12-23,DepartmentChange,D009,D003
E0583,2022-10-07,JobLevelChange,JL3,JL1
E0585,2020-03-21,Promotion,JL3,JL4
E0585,2021-03-05,DepartmentChange,D006,D004
E0586,2022-02-02,DepartmentChange,D007,D009
E0586,2023-06-15,DepartmentChange,D009,D005
E0586,2024-11-09,DepartmentChange,D005,D006
E0586,2025-05-02,DepartmentChange,D006,D010
E0587,2025-07-22,Promotion,JL2,JL3
E0588,2025-11-04,JobLevelChange,JL3,JL6
E0590,2022-04-27,DepartmentChange,D009,D009
E0591,2025-07-15,DepartmentChange,D010,D004
E0593,2021-08-09,Promotion,JL1,JL2
E0593,2022-12-26,JobLevelChange,JL2,JL2
E0593,2024-06-17,JobLevelChange,JL2,JL3
E0594,2020-10-27,DepartmentChange,D010,D010
E0594,2021-11-20,DepartmentChange,D010,D003
E0594,2022-11-09,DepartmentChange,D003,D008
E0594,2023-08-04,Promotion,JL4,JL5
E0595,2025-10-30,Promotion,JL2,JL3
E0596,2022-04-21,Promotion,JL4,JL5
E0596,2023-04-23,DepartmentChange,D002,D009
E0596,2024-07-27,JobLevelChange,JL5,JL3
E0596,2025-02-25,Promotion,JL3,JL4
E0597,2021-05-14,DepartmentChange,D007,D002
E0597,2022-06-09,DepartmentChange,D002,D007
E0597,2023-10-18,DepartmentChange,D007,D002
E0597,2025-03-20,DepartmentChange,D002,D010
E0603,2023-10-07,Promotion,JL2,JL3
E0603,2025-02-10,Promotion,JL3,JL4
E0603,2025-03-28,DepartmentChange,D004,D001
E0603,2025-04-04,JobLevelChange,JL4,JL3
E0606,2020-12-10,JobLevelChange,JL4,JL1
E0606,2022-05-12,Promotion,JL1,JL2
E0607,2023-07-01,Promotion,JL4,JL5
E0607,2024-08-29,JobLevelChange,JL5,JL4
E0608,2022-08-19,Promotion,JL2,JL3
E0609,2024-07-16,DepartmentChange,D005,D002
E0609,2024-08-26,DepartmentChange,D002,D004
E0609,2025-02-23,Promotion,JL4,JL5
E0611,2020-08-16,DepartmentChange,D009,D002
E0612,2019-08-26,JobLevelChange,JL3,JL6
E0612,2019-09-12,Promotion,JL6,JL6
E0613,2022-04-24,JobLevelChange,JL5,JL1
E0614,2022-10-30,DepartmentChange,D004,D005
E0614,2023-11-27,JobLevelChange,JL1,JL5
E0614,2024-03-13,JobLevelChange,JL5,JL1
E0615,2025-12-06,Promotion,JL6,JL6
E0616,2021-01-22,DepartmentChange,D007,D009
E0617,2023-12-17,Promotion,JL4,JL5
E0619,2021-11-13,JobLevelChange,JL2,JL2
E0619,2023-07-05,JobLevelChange,JL2,JL6
E0621,2021-04-18,JobLevelChange,JL3,JL3
E0621,2022-07-07,Promotion,JL3,JL4
E0621,2022-08-19,JobLevelChange,JL4,JL5
E0621,2023-04-16,JobLevelChange,JL5,JL2
E0623,2024-09-30,DepartmentChange,D006,D002
E0623,2024-12-20,JobLevelChange,JL1,JL5
E0623,2025-06-22,DepartmentChange,D002,D003
E0625,2021-07-18,DepartmentChange,D007,D006
E0625,2022-03-26,DepartmentChange,D006,D004
E0625,2023-06-21,JobLevelChange,JL1,JL4
E0625,2023-10-21,DepartmentChange,D004,D003
E0626,2021-02-26,JobLevelChange,JL5,JL2
E0626,2022-03-05,JobLevelChange,JL2,JL1
E0626,2022-09-10,DepartmentChange,D005,D001
E0627,2019-10-21,JobLevelChange,JL6,JL6
E0627,2019-11-21,JobLevelChange,JL6,JL1
E0627,2020-11-08,DepartmentChange,D007,D007
E0627,2021-06-07,Promotion,JL1,JL2
E0628,2023-08-21,DepartmentChange,D008,D002
E0628,2023-09-20,Promotion,JL3,JL4
E0628,2023-11-15,Promotion,JL4,JL5
E0628,2025-02-28,Promotion,JL5,JL6
E0630,2021-04-09,DepartmentChange,D005,D004
E0630,2021-11-15,Promotion,JL5,JL6
E0630,2021-12-17,DepartmentChange,D004,D007
E0630,2023-02-15,DepartmentChange,D007,D002
E0630,2024-08-16,JobLevelChange,JL6,JL4
E0631,2021-02-16,DepartmentChange,D002,D004
E0632,2023-05-13,JobLevelChange,JL2,JL1
E0632,2023-09-16,Promotion,JL1,JL2
E0632,2023-10-11,Promotion,JL2,JL3
E0633,2020-08-20,Promotion,JL1,JL2
E0633,2021-03-09,JobLevelChange,JL2,JL4
E0634,2019-11-23,JobLevelChange,JL4,JL5
E0637,2025-01-05,Promotion,JL4,JL5
E0639,2023-09-28,JobLevelChange,JL2,JL2
E0640,2020-12-15,DepartmentChange,D003,D010
E0640,2021-05-05,Promotion,JL5,JL6
E0640,2022-03-17,DepartmentChange,D010,D010
E0641,2025-03-09,Promotion,JL3,JL4
E0642,2024-04-16,JobLevelChange,JL6,JL5
E0642,2024-11-24,JobLevelChange,JL5,JL2
E0643,2024-08-09,Promotion,JL6,JL6
E0645,2022-11-01,Promotion,JL2,JL3
E0645,2023-03-23,DepartmentChange,D001,D008
E0645,2023-08-22,JobLevelChange,JL3,JL1
E0645,2023-11-02,DepartmentChange,D008,D008
E0647,2022-10-13,Promotion,JL2,JL3
E0648,2023-03-02,Promotion,JL5,JL6
E0648,2024-02-17,Promotion,JL6,JL6
E0648,2024-09-29,JobLevelChange,JL6,JL2
E0649,2020-06-17,JobLevelChange,JL3,JL3
E0649,2021-02-24,JobLevelChange,JL3,JL1
E0649,2022-06-08,Promotion,JL1,JL2
E0649,2023-02-24,JobLevelChange,JL2,JL1
E0650,2025-04-25,DepartmentChange,D004,D002
E0651,2022-02-28,DepartmentChange,D005,D008
E0651,2023-06-02,JobLevelChange,JL2,JL2
E0653,2021-04-10,JobLevelChange,JL5,JL5
E0653,2021-05-02,Promotion,JL5,JL6
E0654,2021-10-06,JobLevelChange,JL4,JL5
E0654,2022-02-08,JobLevelChange,JL5,JL5
E0655,2022-10-09,DepartmentChange,D001,D006
E0655,2023-02-17,DepartmentChange,D006,D007
E0655,2023-10-14,JobLevelChange,JL2,JL4
E0655,2024-02-20,DepartmentChange,D007,D009
E0656,2022-03-03,Promotion,JL6,JL6
E0656,2023-01-06,Promotion,JL6,JL6
E0656,2023-11-11,DepartmentChange,D009,D002
E0656,2025-06-15,Promotion,JL6,JL6
E0656,2025-09-30,Promotion,JL6,JL6
E0657,2023-04-29,Promotion,JL3,JL4
E0657,2024-10-01,DepartmentChange,D003,D003
E0657,2024-12-24,Promotion,JL4,JL5
E0657,2025-05-18,DepartmentChange,D003,D005
E0659,2020-08-27,JobLevelChange,JL3,JL2
E0659,2021-08-04,DepartmentChange,D008,D006
E0659,2021-09-22,DepartmentChange,D006,D005
E0659,2021-11-24,DepartmentChange,D005,D005
E0660,2020-02-18,JobLevelChange,JL3,JL5
E0660,2020-04-12,DepartmentChange,D008,D008
E0660,2021-05-17,JobLevelChange,JL5,JL2
E0660,2022-11-30,DepartmentChange,D008,D007
E0661,2020-01-16,DepartmentChange,D003,D004
E0664,2024-11-18,DepartmentChange,D004,D002
E0664,2025-09-03,DepartmentChange,D002,D005
E0665,2024-09-19,Promotion,JL4,JL5
E0665,2024-11-05,DepartmentChange,D003,D006
E0666,2024-02-16,DepartmentChange,D004,D008
E0666,2025-01-27,Promotion,JL5,JL6
E0667,2020-11-05,DepartmentChange,D006,D003
E0669,2021-12-12,Promotion,JL1,JL2
E0669,2021-12-14,DepartmentChange,D006,D007
E0669,2021-12-31,DepartmentChange,D007,D002
E0670,2020-12-03,Promotion,JL5,JL6
E0670,2021-01-02,DepartmentChange,D003,D009
E0670,2021-01-16,DepartmentChange,D009,D004
E0670,2021-01-28,Promotion,JL6,JL6
E0670,2021-03-05,Promotion,JL6,JL6
E0671,2025-11-10,Promotion,JL3,JL4
E0672,2023-08-14,DepartmentChange,D008,D001
E0672,2025-02-14,DepartmentChange,D001,D001
E0673,2020-09-04,DepartmentChange,D009,D004
E0675,2022-09-18,JobLevelChange,JL4,JL3
E0675,2022-12-14,Promotion,JL3,JL4
E0676,2020-06-02,Promotion,JL1,JL2
E0676,2020-07-22,Promotion,JL2,JL3
E0676,2021-10-20,DepartmentChange,D008,D006
E0676,2022-11-21,Promotion,JL3,JL4
E0676,2024-03-15,Promotion,JL4,JL5
E0679,2025-08-02,JobLevelChange,JL5,JL6
E0680,2022-03-14,Promotion,JL4,JL5
E0681,2025-11-05,JobLevelChange,JL6,JL5
E0682,2025-07-08,JobLevelChange,JL3,JL4
E0683,2020-12-28,JobLevelChange,JL5,JL1
E0683,2021-04-16,JobLevelChange,JL1,JL3
E0683,2022-10-13,DepartmentChange,D009,D004
E0683,2023-05-22,DepartmentChange,D004,D005
E0684,2023-02-22,Promotion,JL3,JL4
E0684,2024-06-29,JobLevelChange,JL4,JL3
E0685,2022-01-17,DepartmentChange,D009,D009
E0685,2022-03-05,DepartmentChange,D009,D005
E0686,2022-11-24,JobLevelChange,JL4,JL5
E0686,2023-07-30,DepartmentChange,D003,D004
E0686,2025-01-27,JobLevelChange,JL5,JL2
E0687,2024-01-09,Promotion,JL4,JL5
E0687,2024-01-31,DepartmentChange,D001,D002
E0687,2024-02-23,JobLevelChange,JL5,JL1
E0688,2023-05-29,Promotion,JL1,JL2
E0688,2023-08-21,DepartmentChange,D008,D003
E0688,2024-04-18,JobLevelChange,JL2,JL2
E0688,2025-09-15,Promotion,JL2,JL3
E0689,2025-09-15,DepartmentChange,D002,D006
E0690,2021-12-03,Promotion,JL1,JL2
E0690,2023-05-24,Promotion,JL2,JL3
E0690,2024-04-06,JobLevelChange,JL3,JL1
E0690,2024-06-18,JobLevelChange,JL1,JL5
E0690,2025-11-26,JobLevelChange,JL5,JL3
E0691,2024-01-20,Promotion,JL4,JL5
E0691,2024-04-12,Promotion,JL5,JL6
E0692,2025-09-07,DepartmentChange,D006,D002
E0695,2023-11-20,Promotion,JL5,JL6
E0696,2022-07-07,Promotion,JL1,JL2
E0696,2023-04-30,Promotion,JL2,JL3
E0696,2024-01-08,JobLevelChange,JL3,JL6
E0696,2025-04-11,Promotion,JL6,JL6
E0697,2022-02-13,DepartmentChange,D002,D002
E0697,2023-08-21,Promotion,JL3,JL4
E0697,2024-05-29,Promotion,JL4,JL5
E0698,2023-03-28,DepartmentChange,D001,D001
E0698,2023-10-24,DepartmentChange,D001,D009
E0698,2024-06-04,JobLevelChange,JL4,JL6
E0698,2025-10-04,Promotion,JL6,JL6
E0699,2021-01-23,Promotion,JL1,JL2
E0699,2021-03-22,Promotion,JL2,JL3
E0700,2024-09-15,JobLevelChange,JL1,JL3
E0701,2024-08-16,DepartmentChange,D006,D002
E0702,2024-05-23,Promotion,JL5,JL6
E0703,2024-02-06,DepartmentChange,D008,D005
E0704,2021-01-18,Promotion,JL5,JL6
E0706,2020-05-15,Promotion,JL1,JL2
E0708,2022-03-25,JobLevelChange,JL1,JL2
E0708,2023-11-15,JobLevelChange,JL2,JL3
E0708,2024-09-24,DepartmentChange,D005,D001
E0708,2025-12-24,JobLevelChange,JL3,JL2
E0709,2024-04-29,DepartmentChange,D005,D003
E0711,2024-03-08,JobLevelChange,JL5,JL4
E0711,2024-08-13,DepartmentChange,D010,D005
E0712,2019-10-15,DepartmentChange,D010,D008
E0712,2019-11-06,DepartmentChange,D008,D003
E0712,2019-11-21,DepartmentChange,D003,D001
E0712,2019-12-02,Promotion,JL2,JL3
E0712,2020-01-08,JobLevelChange,JL3,JL3
E0714,2023-10-31,Promotion,JL5,JL6
E0714,2024-02-27,DepartmentChange,D006,D009
E0714,2025-10-16,JobLevelChange,JL6,JL6
E0717,2022-08-15,Promotion,JL4,JL5
E0717,2022-08-31,DepartmentChange,D005,D009
E0717,2023-02-10,Promotion,JL5,JL6
E0718,2025-01-17,JobLevelChange,JL4,JL5
E0718,2025-12-26,Promotion,JL5,JL6
E0719,2024-06-20,JobLevelChange,JL5,JL6
E0719,2025-07-09,DepartmentChange,D010,D004
E0720,2022-06-04,Promotion,JL5,JL6
E0720,2023-10-06,JobLevelChange,JL6,JL5
E0721,2022-03-18,JobLevelChange,JL6,JL1
E0721,2023-10-23,Promotion,JL1,JL2
E0721,2025-01-25,Promotion,JL2,JL3
E0721,2025-06-27,DepartmentChange,D009,D002
E0722,2024-09-18,Promotion,JL1,JL2
E0723,2023-08-07,DepartmentChange,D008,D003
E0724,2024-03-10,JobLevelChange,JL1,JL4
E0725,2020-06-13,JobLevelChange,JL5,JL3
E0725,2021-06-25,Promotion,JL3,JL4
E0726,2025-03-09,DepartmentChange,D005,D010
E0727,2024-12-08,DepartmentChange,D010,D004
E0727,2025-01-18,DepartmentChange,D004,D005
E0727,2025-07-06,JobLevelChange,JL1,JL5
E0728,2023-08-28,DepartmentChange,D008,D004
E0728,2023-10-28,Promotion,JL2,JL3
E0728,2024-07-21,Promotion,JL3,JL4
E0728,2025-05-21,DepartmentChange,D004,D007
E0729,2025-04-05,Promotion,JL5,JL6
E0731,2022-05-13,JobLevelChange,JL5,JL3
E0731,2022-10-28,Promotion,JL3,JL4
E0731,2023-12-31,DepartmentChange,D007,D006
E0731,2024-09-22,Promotion,JL4,JL5
E0732,2024-05-19,DepartmentChange,D003,D005
E0732,2024-11-22,DepartmentChange,D005,D002
E0732,2024-12-10,Promotion,JL1,JL2
E0733,2023-09-26,DepartmentChange,D006,D007
E0733,2023-12-04,JobLevelChange,JL5,JL6
E0733,2025-04-25,JobLevelChange,JL6,JL1
E0734,2025-01-12,DepartmentChange,D006,D006
E0734,2025-11-08,Promotion,JL1,JL2
E0735,2025-03-10,DepartmentChange,D002,D009
E0736,2022-08-07,Promotion,JL6,JL6
E0737,2024-09-28,DepartmentChange,D002,D002
E0739,2020-08-07,JobLevelChange,JL2,JL1
E0739,2021-01-31,Promotion,JL1,JL2
E0739,2022-08-21,DepartmentChange,D001,D007
E0739,2023-06-24,JobLevelChange,JL2,JL3
E0740,2024-08-06,JobLevelChange,JL3,JL2
E0740,2024-10-23,JobLevelChange,JL2,JL4
E0740,2025-02-17,JobLevelChange,JL4,JL6
E0741,2020-02-25,JobLevelChange,JL5,JL3
E0741,2021-09-06,Promotion,JL3,JL4
E0741,2023-01-06,JobLevelChange,JL4,JL3
E0741,2023-06-06,JobLevelChange,JL3,JL4
E0742,2022-07-09,DepartmentChange,D003,D008
E0742,2023-05-06,DepartmentChange,D008,D004
E0742,2024-09-02,JobLevelChange,JL5,JL5
E0742,2025-06-24,Promotion,JL5,JL6
E0743,2024-09-29,JobLevelChange,JL5,JL5
E0745,2020-10-31,DepartmentChange,D008,D005
E0746,2021-06-23,JobLevelChange,JL5,JL3
E0747,2024-12-29,DepartmentChange,D003,D002
E0748,2020-04-18,Promotion,JL6,JL6
E0748,2020-08-22,DepartmentChange,D005,D001
E0748,2021-11-28,JobLevelChange,JL6,JL2
E0748,2022-01-26,DepartmentChange,D001,D008
E0748,2023-07-18,JobLevelChange,JL2,JL4
E0749,2023-08-03,JobLevelChange,JL1,JL1
E0749,2023-09-13,JobLevelChange,JL1,JL4
E0750,2024-09-22,JobLevelChange,JL1,JL4
E0750,2025-02-24,Promotion,JL4,JL5
E0752,2024-02-14,DepartmentChange,D007,D010
E0752,2024-02-29,JobLevelChange,JL3,JL6
E0753,2025-03-25,JobLevelChange,JL1,JL3
E0754,2024-01-18,Promotion,JL5,JL6
E0754,2024-02-22,Promotion,JL6,JL6
E0755,2023-04-03,JobLevelChange,JL2,JL6
E0755,2023-08-21,JobLevelChange,JL6,JL6
E0755,2024-01-18,DepartmentChange,D010,D006
E0755,2024-07-16,DepartmentChange,D006,D001
E0756,2020-07-19,JobLevelChange,JL3,JL1
E0756,2021-09-19,DepartmentChange,D002,D007
E0756,2023-04-25,JobLevelChange,JL1,JL1
E0757,2025-05-20,JobLevelChange,JL5,JL1
E0758,2020-04-24,DepartmentChange,D009,D003
E0758,2021-06-18,Promotion,JL6,JL6
E0758,2022-09-17,JobLevelChange,JL6,JL2
E0758,2022-11-25,JobLevelChange,JL2,JL4
E0758,2024-02-18,DepartmentChange,D003,D005
E0760,2019-06-19,DepartmentChange,D005,D007
E0760,2021-02-02,JobLevelChange,JL1,JL5
E0760,2021-05-10,JobLevelChange,JL5,JL5
E0761,2024-01-16,JobLevelChange,JL3,JL6
E0761,2025-02-14,Promotion,JL6,JL6
E0761,2025-11-27,DepartmentChange,D010,D010
E0763,2022-11-26,DepartmentChange,D007,D005
E0763,2024-03-13,Promotion,JL1,JL2
E0763,2025-04-09,DepartmentChange,D005,D002
E0764,2022-04-27,Promotion,JL1,JL2
E0764,2022-09-18,DepartmentChange,D002,D006
E0764,2023-03-08,Promotion,JL2,JL3
E0764,2024-04-22,JobLevelChange,JL3,JL3
E0764,2024-08-28,JobLevelChange,JL3,JL4
E0766,2025-08-16,Promotion,JL3,JL4
E0767,2021-08-05,Promotion,JL3,JL4
E0767,2021-11-13,DepartmentChange,D005,D007
E0767,2023-04-02,Promotion,JL4,JL5
E0767,2023-08-01,JobLevelChange,JL5,JL3
E0767,2023-12-07,JobLevelChange,JL3,JL3
E0768,2023-04-03,DepartmentChange,D009,D004
E0768,2024-07-10,JobLevelChange,JL2,JL1
E0768,2025-08-10,JobLevelChange,JL1,JL2
E0769,2025-08-10,DepartmentChange,D010,D009
E0770,2025-11-14,DepartmentChange,D003,D009
E0771,2020-02-14,JobLevelChange,JL5,JL1
E0771,2020-04-24,JobLevelChange,JL1,JL1
E0771,2020-07-31,DepartmentChange,D009,D007
E0771,2021-04-30,DepartmentChange,D007,D002
E0772,2021-08-12,Promotion,JL4,JL5
E0774,2021-02-22,Promotion,JL3,JL4
E0774,2022-09-20,Promotion,JL4,JL5
E0774,2024-01-22,JobLevelChange,JL5,JL1
E0774,2024-04-06,JobLevelChange,JL1,JL3
E0774,2025-08-19,JobLevelChange,JL3,JL1
E0776,2023-09-27,Promotion,JL5,JL6
E0776,2023-10-09,DepartmentChange,D010,D004
E0777,2024-05-06,DepartmentChange,D001,D001
E0780,2025-04-30,Promotion,JL3,JL4
E0781,2019-07-04,Promotion,JL6,JL6
E0781,2019-08-04,Promotion,JL6,JL6
E0781,2019-11-04,JobLevelChange,JL6,JL3
E0783,2023-02-01,DepartmentChange,D001,D006
E0783,2023-05-22,JobLevelChange,JL5,JL3
E0783,2023-09-21,Promotion,JL3,JL4
E0786,2022-11-25,JobLevelChange,JL1,JL3
E0786,2023-03-11,Promotion,JL3,JL4
E0786,2023-07-24,Promotion,JL4,JL5
E0787,2023-05-24,Promotion,JL3,JL4
E0787,2024-10-31,Promotion,JL4,JL5
E0787,2025-07-17,JobLevelChange,JL5,JL1
E0788,2021-02-22,Promotion,JL6,JL6
E0788,2021-08-29,JobLevelChange,JL6,JL6
E0788,2022-05-12,JobLevelChange,JL6,JL1
E0788,2022-06-28,Promotion,JL1,JL2
E0789,2023-01-24,DepartmentChange,D006,D010
E0792,2025-11-13,DepartmentChange,D007,D003
E0793,2019-08-30,Promotion,JL6,JL6
E0793,2020-08-15,DepartmentChange,D009,D006
E0793,2021-10-13,Promotion,JL6,JL6
E0793,2022-01-26,JobLevelChange,JL6,JL1
E0794,2024-12-30,DepartmentChange,D008,D004
E0795,2021-09-14,Promotion,JL6,JL6
E0795,2023-04-14,JobLevelChange,JL6,JL6
E0795,2024-01-27,JobLevelChange,JL6,JL6
E0795,2024-10-08,Promotion,JL6,JL6
E0796,2023-12-24,Promotion,JL6,JL6
E0796,2024-02-03,DepartmentChange,D001,D001
E0797,2025-01-10,Promotion,JL6,JL6
E0798,2021-06-28,Promotion,JL1,JL2
E0798,2021-10-05,Promotion,JL2,JL3
E0798,2023-04-15,DepartmentChange,D009,D007
E0798,2024-03-14,JobLevelChange,JL3,JL2
E0799,2020-01-21,Promotion,JL5,JL6
E0799,2020-07-07,JobLevelChange,JL6,JL1
E0800,2023-03-03,Promotion,JL5,JL6
E0800,2023-12-26,DepartmentChange,D007,D002
E0800,2024-07-31,Promotion,JL6,JL6
E0800,2024-12-05,DepartmentChange,D002,D008
E0801,2020-10-27,Promotion,JL4,JL5
E0801,2020-12-31,DepartmentChange,D001,D006
E0801,2021-01-24,JobLevelChange,JL5,JL1
E0801,2021-07-12,Promotion,JL1,JL2
E0802,2021-09-22,JobLevelChange,JL5,JL1
E0802,2022-08-23,JobLevelChange,JL1,JL2
E0802,2022-12-23,DepartmentChange,D001,D002
E0802,2024-02-18,DepartmentChange,D002,D003
E0802,2024-09-21,DepartmentChange,D003,D003
E0805,2023-04-08,JobLevelChange,JL2,JL2
E0806,2020-02-18,JobLevelChange,JL1,JL1
E0806,2020-06-14,JobLevelChange,JL1,JL1
E0806,2020-10-19,JobLevelChange,JL1,JL5
E0808,2023-02-01,JobLevelChange,JL5,JL6
E0809,2022-01-27,Promotion,JL3,JL4
E0809,2022-10-01,Promotion,JL4,JL5
E0809,2024-01-22,DepartmentChange,D004,D006
E0809,2024-08-25,DepartmentChange,D006,D001
E0810,2023-02-07,JobLevelChange,JL3,JL6
E0810,2024-07-09,Promotion,JL6,JL6
E0813,2023-03-24,DepartmentChange,D004,D003
E0813,2023-12-21,Promotion,JL2,JL3
E0815,2020-03-31,DepartmentChange,D009,D002
E0815,2020-08-15,JobLevelChange,JL6,JL5
E0815,2021-01-20,JobLevelChange,JL5,JL5
E0815,2021-08-08,DepartmentChange,D002,D008
E0815,2022-07-11,JobLevelChange,JL5,JL4
E0817,2022-06-03,DepartmentChange,D005,D004
E0817,2023-05-17,DepartmentChange,D004,D009
E0822,2025-03-19,JobLevelChange,JL1,JL3
E0823,2020-07-12,Promotion,JL6,JL6
E0823,2021-07-17,JobLevelChange,JL6,JL5
E0823,2021-10-13,DepartmentChange,D004,D007
E0823,2022-07-24,DepartmentChange,D007,D007
E0823,2024-02-29,JobLevelChange,JL5,JL5
E0824,2024-05-31,DepartmentChange,D007,D010
E0824,2024-07-05,DepartmentChange,D010,D007
E0826,2024-11-13,Promotion,JL2,JL3
E0826,2025-11-10,JobLevelChange,JL3,JL3
E0828,2022-01-29,JobLevelChange,JL1,JL4
E0828,2022-06-19,Promotion,JL4,JL5
E0828,2022-09-27,DepartmentChange,D010,D010
E0828,2023-04-20,JobLevelChange,JL5,JL6
E0828,2023-07-13,Promotion,JL6,JL6
E0829,2024-03-11,DepartmentChange,D007,D002
E0829,2025-04-27,DepartmentChange,D002,D005
E0830,2023-12-03,Promotion,JL1,JL2
E0831,2023-08-12,Promotion,JL2,JL3
E0832,2024-06-17,JobLevelChange,JL1,JL3
E0832,2025-11-28,JobLevelChange,JL3,JL3
E0833,2022-08-17,DepartmentChange,D007,D001
E0833,2022-11-29,Promotion,JL4,JL5
E0833,2024-01-17,JobLevelChange,JL5,JL5
E0834,2024-05-14,DepartmentChange,D004,D010
E0834,2024-09-12,DepartmentChange,D010,D001
E0834,2024-11-18,DepartmentChange,D001,D005
E0834,2024-12-01,DepartmentChange,D005,D005
E0835,2021-11-30,JobLevelChange,JL5,JL3
E0835,2022-11-29,DepartmentChange,D008,D010
E0835,2023-06-03,Promotion,JL3,JL4
E0835,2024-09-30,JobLevelChange,JL4,JL2
E0835,2025-01-05,Promotion,JL2,JL3
E0836,2021-12-15,JobLevelChange,JL3,JL4
E0836,2022-03-24,Promotion,JL4,JL5
E0837,2022-01-17,Promotion,JL6,JL6
E0837,2023-08-11,JobLevelChange,JL6,JL4
E0839,2023-04-02,Promotion,JL1,JL2
E0839,2023-12-04,DepartmentChange,D001,D010
E0839,2024-01-28,DepartmentChange,D010,D005
E0839,2025-08-11,DepartmentChange,D005,D002
E0840,2020-08-21,JobLevelChange,JL6,JL3
E0840,2021-10-02,JobLevelChange,JL3,JL4
E0840,2023-03-25,JobLevelChange,JL4,JL5
E0841,2024-08-09,DepartmentChange,D006,D010
E0841,2024-08-12,JobLevelChange,JL5,JL2
E0841,2024-08-17,DepartmentChange,D010,D006
E0841,2024-09-01,JobLevelChange,JL2,JL6
E0843,2022-08-22,Promotion,JL6,JL6
E0843,2022-09-27,DepartmentChange,D004,D007
E0844,2022-03-28,JobLevelChange,JL6,JL3
E0845,2020-09-01,Promotion,JL1,JL2
E0846,2020-03-29,JobLevelChange,JL2,JL3
E0847,2019-11-29,Promotion,JL2,JL3
E0847,2020-02-03,JobLevelChange,JL3,JL3
E0848,2022-11-01,DepartmentChange,D010,D004
E0848,2023-11-23,Promotion,JL2,JL3
E0848,2024-12-06,JobLevelChange,JL3,JL6
E0849,2021-07-04,DepartmentChange,D010,D001
E0851,2023-12-01,JobLevelChange,JL4,JL1
E0851,2025-06-13,JobLevelChange,JL1,JL5
E0852,2020-11-19,DepartmentChange,D004,D002
E0853,2020-08-18,DepartmentChange,D003,D010
E0853,2021-12-19,DepartmentChange,D010,D007
E0853,2022-10-17,JobLevelChange,JL3,JL3
E0853,2024-02-06,Promotion,JL3,JL4
E0854,2020-02-07,DepartmentChange,D004,D009
E0854,2020-05-24,Promotion,JL1,JL2
E0855,2022-08-02,DepartmentChange,D002,D002
E0855,2023-09-27,Promotion,JL2,JL3
E0856,2024-05-24,JobLevelChange,JL3,JL2
E0856,2024-10-31,DepartmentChange,D006,D008
E0857,2022-12-02,Promotion,JL2,JL3
E0857,2024-05-24,DepartmentChange,D010,D010
E0857,2025-07-30,DepartmentChange,D010,D001
E0859,2023-12-01,DepartmentChange,D005,D005
E0859,2024-07-02,Promotion,JL3,JL4
E0860,2025-06-02,Promotion,JL3,JL4
E0861,2022-07-10,JobLevelChange,JL2,JL3
E0861,2023-11-16,JobLevelChange,JL3,JL5
E0861,2025-01-08,DepartmentChange,D006,D010
E0861,2025-07-02,Promotion,JL5,JL6
E0863,2021-12-29,Promotion,JL6,JL6
E0866,2023-08-01,DepartmentChange,D001,D008
E0866,2024-04-10,DepartmentChange,D008,D003
E0867,2023-06-10,DepartmentChange,D009,D005
E0867,2024-03-17,Promotion,JL5,JL6
E0867,2025-06-07,Promotion,JL6,JL6
E0867,2025-07-26,Promotion,JL6,JL6
E0870,2022-02-16,DepartmentChange,D002,D002
E0870,2022-10-27,JobLevelChange,JL4,JL4
E0870,2024-01-05,DepartmentChange,D002,D002
E0870,2024-11-11,Promotion,JL4,JL5
E0870,2025-09-22,Promotion,JL5,JL6
E0872,2022-07-04,Promotion,JL6,JL6
E0872,2022-08-08,DepartmentChange,D005,D002
E0872,2022-08-25,JobLevelChange,JL6,JL5
E0873,2024-11-09,DepartmentChange,D003,D001
E0873,2025-06-22,DepartmentChange,D001,D009
E0874,2025-04-08,DepartmentChange,D006,D004
E0878,2021-11-30,JobLevelChange,JL4,JL5
E0878,2021-12-14,JobLevelChange,JL5,JL2
E0879,2019-12-28,DepartmentChange,D001,D003
E0879,2020-07-25,JobLevelChange,JL4,JL5
E0879,2021-08-24,DepartmentChange,D003,D009
E0879,2023-03-20,JobLevelChange,JL5,JL5
E0880,2022-08-28,DepartmentChange,D003,D009
E0880,2024-02-18,Promotion,JL2,JL3
E0880,2025-05-12,Promotion,JL3,JL4
E0881,2023-05-22,DepartmentChange,D007,D009
E0881,2024-02-06,DepartmentChange,D009,D002
E0882,2020-02-22,Promotion,JL1,JL2
E0882,2020-05-20,DepartmentChange,D005,D009
E0882,2021-08-05,Promotion,JL2,JL3
E0882,2021-10-12,JobLevelChange,JL3,JL2
E0882,2022-11-08,JobLevelChange,JL2,JL5
E0883,2019-04-05,DepartmentChange,D009,D008
E0883,2019-12-04,Promotion,JL3,JL4
E0885,2024-04-21,Promotion,JL2,JL3
E0885,2024-08-21,DepartmentChange,D005,D005
E0885,2024-09-24,DepartmentChange,D005,D006
E0885,2025-05-18,Promotion,JL3,JL4
E0886,2024-05-27,Promotion,JL3,JL4
E0886,2024-06-17,DepartmentChange,D001,D005
E0886,2024-06-20,DepartmentChange,D005,D010
E0887,2024-12-16,Promotion,JL3,JL4
E0887,2025-11-25,Promotion,JL4,JL5
E0888,2019-11-07,DepartmentChange,D007,D007
E0889,2024-10-15,Promotion,JL3,JL4
E0890,2020-09-29,DepartmentChange,D002,D002
E0890,2022-01-20,JobLevelChange,JL3,JL2
E0890,2023-04-09,Promotion,JL2,JL3
E0890,2023-05-30,JobLevelChange,JL3,JL3
E0890,2023-09-21,JobLevelChange,JL3,JL5
E0891,2021-08-01,DepartmentChange,D001,D007
E0891,2021-11-05,JobLevelChange,JL4,JL2
E0893,2019-08-06,DepartmentChange,D010,D007
E0894,2022-05-31,JobLevelChange,JL1,JL5
E0894,2022-09-09,JobLevelChange,JL5,JL6
E0896,2020-05-14,JobLevelChange,JL5,JL3
E0896,2021-07-11,Promotion,JL3,JL4
E0897,2023-05-26,Promotion,JL1,JL2
E0897,2024-02-21,DepartmentChange,D002,D008
E0897,2025-08-07,DepartmentChange,D008,D006
E0898,2024-12-18,Promotion,JL3,JL4
E0899,2021-05-01,Promotion,JL1,JL2
E0899,2022-06-29,JobLevelChange,JL2,JL2
E0899,2023-04-03,JobLevelChange,JL2,JL4
E0899,2023-05-25,DepartmentChange,D002,D004
E0900,2023-10-11,Promotion,JL5,JL6
E0900,2024-10-12,JobLevelChange,JL6,JL6
E0900,2025-03-30,JobLevelChange,JL6,JL2
E0901,2023-10-08,DepartmentChange,D007,D010
E0902,2023-08-18,Promotion,JL1,JL2
E0902,2024-07-13,Promotion,JL2,JL3
E0903,2025-12-28,DepartmentChange,D005,D008
E0904,2024-11-05,DepartmentChange,D002,D003
E0904,2024-11-12,Promotion,JL4,JL5
E0905,2023-07-03,DepartmentChange,D007,D007
E0905,2024-01-15,DepartmentChange,D007,D008
E0905,2025-05-01,Promotion,JL2,JL3
E0908,2025-10-22,DepartmentChange,D002,D006
E0909,2023-11-14,Promotion,JL1,JL2
E0909,2024-02-04,DepartmentChange,D007,D001
E0910,2022-01-20,JobLevelChange,JL2,JL2
E0910,2023-04-27,JobLevelChange,JL2,JL5
E0910,2023-12-26,JobLevelChange,JL5,JL6
E0910,2025-01-17,Promotion,JL6,JL6
E0911,2023-10-21,JobLevelChange,JL4,JL4
E0911,2024-11-25,DepartmentChange,D005,D004
E0911,2025-09-16,JobLevelChange,JL4,JL4
E0912,2023-06-12,Promotion,JL5,JL6
E0912,2024-11-10,Promotion,JL6,JL6
E0912,2025-01-23,Promotion,JL6,JL6
E0913,2024-04-11,JobLevelChange,JL6,JL6
E0913,2024-12-05,JobLevelChange,JL6,JL5
E0914,2024-11-09,Promotion,JL1,JL2
E0915,2022-02-21,Promotion,JL6,JL6
E0915,2023-02-01,Promotion,JL6,JL6
E0915,2024-04-03,DepartmentChange,D001,D004
E0916,2022-03-18,DepartmentChange,D005,D008
E0916,2023-01-21,Promotion,JL4,JL5
E0918,2020-03-28,DepartmentChange,D006,D006
E0918,2021-08-04,Promotion,JL6,JL6
E0918,2023-02-28,Promotion,JL6,JL6
E0918,2024-05-03,JobLevelChange,JL6,JL3
E0919,2023-10-11,Promotion,JL6,JL6
E0919,2024-05-24,DepartmentChange,D010,D001
E0921,2019-12-26,Promotion,JL2,JL3
E0922,2022-03-09,Promotion,JL4,JL5
E0925,2020-01-11,DepartmentChange,D004,D002
E0925,2021-05-14,DepartmentChange,D002,D007
E0925,2022-04-22,Promotion,JL5,JL6
E0925,2022-11-23,Promotion,JL6,JL6
E0926,2020-04-30,Promotion,JL4,JL5
E0926,2020-09-17,JobLevelChange,JL5,JL5
E0926,2022-03-22,DepartmentChange,D003,D010
E0926,2022-09-08,DepartmentChange,D010,D006
E0931,2019-03-02,JobLevelChange,JL5,JL4
E0932,2020-01-28,DepartmentChange,D009,D005
E0933,2019-06-30,JobLevelChange,JL2,JL5
E0933,2020-08-16,Promotion,JL5,JL6
E0933,2022-01-04,Promotion,JL6,JL6
E0934,2022-10-18,Promotion,JL2,JL3
E0934,2023-12-08,Promotion,JL3,JL4
E0934,2024-07-01,Promotion,JL4,JL5
E0934,2024-11-19,DepartmentChange,D001,D005
E0935,2020-11-05,Promotion,JL5,JL6
E0935,2021-04-29,DepartmentChange,D004,D001
E0935,2022-10-07,Promotion,JL6,JL6
E0935,2022-10-10,Promotion,JL6,JL6
E0936,2022-08-23,Promotion,JL2,JL3
E0936,2022-12-31,DepartmentChange,D007,D001
E0936,2023-11-24,JobLevelChange,JL3,JL5
E0937,2023-06-04,DepartmentChange,D005,D002
E0937,2024-11-13,Promotion,JL2,JL3
E0938,2023-10-30,Promotion,JL4,JL5
E0940,2021-07-21,JobLevelChange,JL5,JL3
E0940,2022-07-24,DepartmentChange,D005,D007
E0941,2025-12-25,DepartmentChange,D010,D002
E0942,2023-08-13,DepartmentChange,D004,D010
E0942,2025-01-07,JobLevelChange,JL5,JL4
E0943,2023-02-02,Promotion,JL4,JL5
E0943,2023-02-16,JobLevelChange,JL5,JL5
E0943,2023-06-09,JobLevelChange,JL5,JL5
E0944,2020-10-03,JobLevelChange,JL5,JL5
E0944,2020-11-07,JobLevelChange,JL5,JL6
E0944,2021-07-22,JobLevelChange,JL6,JL2
E0945,2024-01-14,JobLevelChange,JL4,JL5
E0945,2024-12-30,Promotion,JL5,JL6
E0947,2021-12-17,JobLevelChange,JL5,JL1
E0947,2022-12-30,JobLevelChange,JL1,JL5
E0948,2021-05-27,DepartmentChange,D007,D004
E0949,2023-07-08,JobLevelChange,JL1,JL2
E0949,2024-02-27,JobLevelChange,JL2,JL5
E0950,2021-06-16,DepartmentChange,D007,D004
E0950,2022-01-28,Promotion,JL2,JL3
E0950,2023-06-10,JobLevelChange,JL3,JL6
E0950,2023-09-02,JobLevelChange,JL6,JL2
E0950,2024-06-17,JobLevelChange,JL2,JL5
E0953,2021-12-21,Promotion,JL3,JL4
E0953,2022-05-27,DepartmentChange,D007,D002
E0953,2023-11-21,DepartmentChange,D002,D001
E0953,2023-12-29,Promotion,JL4,JL5
E0953,2025-03-24,Promotion,JL5,JL6
E0954,2020-11-30,JobLevelChange,JL3,JL3
E0954,2021-10-25,Promotion,JL3,JL4
E0955,2025-01-08,JobLevelChange,JL3,JL1
E0955,2025-11-08,Promotion,JL1,JL2
E0956,2020-11-29,DepartmentChange,D004,D003
E0957,2020-10-09,DepartmentChange,D007,D001
E0957,2022-01-07,DepartmentChange,D001,D001
E0957,2022-07-02,JobLevelChange,JL6,JL5
E0957,2023-02-10,DepartmentChange,D001,D004
E0957,2023-07-24,DepartmentChange,D004,D009
E0960,2023-04-28,JobLevelChange,JL5,JL6
E0963,2020-07-14,DepartmentChange,D001,D007
E0964,2025-11-03,DepartmentChange,D009,D009
E0964,2025-12-20,DepartmentChange,D009,D010
E0966,2024-05-16,JobLevelChange,JL2,JL3
E0967,2023-04-25,DepartmentChange,D001,D010
E0967,2024-07-01,JobLevelChange,JL3,JL4
E0967,2025-06-20,DepartmentChange,D010,D005
E0968,2019-08-20,JobLevelChange,JL6,JL2
E0968,2021-03-30,DepartmentChange,D004,D008
E0968,2022-10-15,Promotion,JL2,JL3
E0968,2023-05-12,Promotion,JL3,JL4
E0968,2024-11-11,Promotion,JL4,JL5
E0969,2019-09-12,DepartmentChange,D003,D004
E0970,2023-01-12,DepartmentChange,D005,D010
E0970,2024-08-26,Promotion,JL1,JL2
E0970,2025-03-29,DepartmentChange,D010,D003
E0970,2025-09-07,JobLevelChange,JL2,JL3
E0973,2020-10-20,Promotion,JL2,JL3
E0973,2021-12-01,JobLevelChange,JL3,JL6
E0974,2024-10-18,Promotion,JL6,JL6
E0975,2020-06-12,DepartmentChange,D001,D009
E0975,2021-06-02,Promotion,JL1,JL2
E0975,2022-02-05,DepartmentChange,D009,D008
E0975,2022-08-23,DepartmentChange,D008,D009
E0975,2023-11-28,Promotion,JL2,JL3
E0976,2020-06-20,JobLevelChange,JL1,JL2
E0976,2021-02-27,DepartmentChange,D007,D004
E0977,2023-10-25,Promotion,JL1,JL2
E0977,2025-06-15,Promotion,JL2,JL3
E0978,2024-06-18,Promotion,JL5,JL6
E0978,2025-05-28,Promotion,JL6,JL6
E0979,2020-04-29,Promotion,JL4,JL5
E0979,2020-05-01,JobLevelChange,JL5,JL5
E0979,2020-05-02,JobLevelChange,JL5,JL5
E0981,2024-09-30,DepartmentChange,D006,D007
E0982,2020-06-08,Promotion,JL3,JL4
E0983,2023-09-10,DepartmentChange,D010,D002
E0983,2023-10-24,Promotion,JL6,JL6
E0983,2024-11-24,Promotion,JL6,JL6
E0983,2025-01-06,Promotion,JL6,JL6
E0983,2025-11-30,Promotion,JL6,JL6
E0984,2020-06-10,JobLevelChange,JL5,JL3
E0985,2022-06-20,DepartmentChange,D001,D006
E0985,2022-09-28,Promotion,JL1,JL2
E0985,2023-01-30,DepartmentChange,D006,D002
E0985,2024-04-03,Promotion,JL2,JL3
E0985,2024-08-11,Promotion,JL3,JL4
E0987,2019-05-31,Promotion,JL1,JL2
E0987,2019-11-20,DepartmentChange,D006,D010
E0987,2021-06-11,JobLevelChange,JL2,JL4
E0987,2021-12-25,DepartmentChange,D010,D002
E0987,2023-02-08,DepartmentChange,D002,D008
E0988,2023-07-29,JobLevelChange,JL2,JL1
E0988,2023-11-03,JobLevelChange,JL1,JL5
E0988,2024-09-23,Promotion,JL5,JL6
E0988,2025-06-22,DepartmentChange,D006,D003
E0989,2023-01-16,Promotion,JL6,JL6
E0989,2024-03-26,JobLevelChange,JL6,JL2
E0989,2024-08-04,Promotion,JL2,JL3
E0989,2024-11-29,JobLevelChange,JL3,JL5
E0990,2023-07-11,JobLevelChange,JL1,JL2
E0991,2019-04-09,DepartmentChange,D010,D009
E0991,2019-10-22,JobLevelChange,JL5,JL5
E0991,2019-11-22,JobLevelChange,JL5,JL4
E0993,2024-01-05,JobLevelChange,JL5,JL2
E0993,2024-09-09,DepartmentChange,D001,D009
E0995,2020-02-23,DepartmentChange,D002,D003
E0995,2021-06-23,DepartmentChange,D003,D002
E0995,2022-01-22,JobLevelChange,JL1,JL2
E0996,2021-10-29,JobLevelChange,JL4,JL4
E0997,2023-09-10,Promotion,JL4,JL5
E0997,2023-11-12,Promotion,JL5,JL6
E0997,2025-01-16,DepartmentChange,D006,D006
E0999,2023-06-24,DepartmentChange,D004,D009
E0999,2023-08-09,JobLevelChange,JL5,JL2
E0999,2024-08-31,Promotion,JL2,JL3
E0999,2024-12-11,DepartmentChange,D009,D010
E1000,2022-12-15,DepartmentChange,D007,D001
E1000,2023-06-06,Promotion,JL5,JL6
E1000,2024-08-16,Promotion,JL6,JL6
